'と',86.02965747702586
'、',72.5898078529658
'する',70.86883876357564
'の',59.601086048454476
'は',54.41102756892235
'を',50.48454469507101
'。',41.16332497911446
'が',40.48454469507101
'に',36.22389306599831
'いる',35.323725981620726
'者',29.220969089390138
'も',28.982873851294897
'「',28.55263157894737
'」',28.55263157894737
'（',22.3266499582289
'）',22.3266499582289
'だ',19.1374269005848
'性',16.056808688387633
'ない',15.797827903091061
'で',15.674603174603163
'小沢',15.563909774436091
'日本',14.68671679197995
'や',14.020467836257303
'候補',12.815371762740185
'金融',12.685881370091895
'ある',12.420634920634924
'など',12.32873851294903
'なる',12.22431077694236
'れる',11.643692564745194
'区',11.067251461988302
'％',10.95655806182122
'年',10.41353383458646
'【',9.69715956558062
'】',9.69715956558062
'られる',9.682539682539684
'参加',9.563492063492063
'診療',9.496658312447785
'氏',9.197994987468675
'さん',8.845029239766081
'円',8.719715956558066
'選挙',8.715538847117793
'中国',8.682121971595656
'件',8.418964076858813
'法',8.404344193817877
'こと',8.354218880534667
'行う',8.22263993316625
'比例',8.18922305764411
'いう',8.053467000835418
'代表',8.045112781954888
'相',7.997076023391815
'元',7.963659147869672
'検討',7.7819548872180455
'外',7.7819548872180455
'病院',7.633667502088555
'スーチー',7.518796992481203
'国民',7.489557226399333
'容疑',7.47076023391813
'効果',7.47076023391813
'支持',7.422723475355054
'対象',7.307852965747702
'基準',7.192982456140351
'価格',6.915204678362574
'県',6.804511278195488
'ただす',6.800334168755222
'制裁',6.7669172932330826
'認める',6.7522974101921465
'導入',6.718880534670008
'加盟',6.68546365914787
'庁',6.637426900584796
'つく',6.545530492898912
'よる',6.4786967418546375
'さらに',6.359649122807018
'おる',6.311612364243943
'省',6.16750208855472
'国',6.152882205513784
'強い',6.08187134502924
'規定',6.0484544695071
'研究',6.0484544695071
'石川',6.015037593984962
'ＮＬＤ',6.015037593984962
'高い',6.000417710944027
'今回',5.9523809523809526
'事務',5.852130325814536
'医',5.737259816207184
'実験',5.655806182121971
'１００',5.655806182121971
'評価',5.607769423558897
'公明党',5.492898913951545
'取る',5.411445279866333
'証拠',5.378028404344194
'担当',5.363408521303257
'被害',5.329991645781119
'できる',5.319548872180452
'新ただ',5.296574770258981
'幹部',5.2819548872180455
'議員',5.267335004177109
'凍結',5.2631578947368425
'海外',5.215121136173767
'指示',5.215121136173767
'政策',5.200501253132831
'案',5.152464494569756
'実施',5.133667502088555
'道路',5.100250626566416
'向ける',5.018796992481203
'士',5.018796992481203
'受ける',5.004177109440268
'支給',4.985380116959065
'先',4.97076023391813
'８',4.97076023391813
'税',4.97076023391813
'人事',4.937343358395989
'時間',4.889306599832915
'不',4.822472848788638
'政府',4.7786131996658305
'だけ',4.7598162071846275
'対する',4.7598162071846275
'記録',4.741019214703425
'弁護',4.741019214703425
'聴取',4.707602339181287
'決議',4.578111946532999
'出る',4.563492063492065
'資産',4.54469507101086
'しかも',4.54469507101086
'批判',4.530075187969924
'承認',4.511278195488722
'特許',4.511278195488722
'新人',4.511278195488722
'アイヌ',4.511278195488722
'舞洲',4.511278195488722
'核',4.463241436925648
'資金',4.463241436925648
'もらう',4.429824561403509
'上る',4.429824561403509
'出す',4.415204678362574
'よう',4.415204678362574
'北朝鮮',4.381787802840433
'段階',4.348370927318295
'的だ',4.308688387635755
'へ',4.24185463659148
'旧',4.233500417710944
'貿易',4.233500417710944
'結ぶ',4.233500417710944
'科',4.233500417710944
'以降',4.218880534670008
'現在',4.185463659147869
'２５',4.185463659147869
'機',4.185463659147869
'続ける',4.185463659147869
'収支',4.152046783625732
'記載',4.152046783625732
'検査',4.152046783625732
'２８',4.152046783625732
'率',4.137426900584796
'声',4.137426900584796
'程度',4.104010025062656
'分',4.022556390977444
'労働',3.989139515455305
'地震',3.989139515455305
'本人',3.9557226399331666
'特別だ',3.9557226399331666
'思う',3.9411027568922306
'立場',3.8742690058479536
'０１',3.8742690058479536
'でも',3.8116123642439437
'人',3.8053467000835397
'経常',3.7593984962406015
'投',3.7593984962406015
'づくり',3.7593984962406015
'アフガン',3.7593984962406015
'力',3.730158730158731
'７',3.730158730158731
'一方',3.7197159565580655
'ミサイル',3.6779448621553885
'新規だ',3.6779448621553885
'金',3.663324979114453
'与える',3.5964912280701755
'自ら',3.5964912280701755
'今年',3.5484544695071003
'全国',3.5484544695071003
'選',3.533834586466165
'場',3.515037593984962
'開票',3.481620718462824
'移植',3.481620718462824
'起こす',3.481620718462824
'層',3.481620718462824
'相当だ',3.481620718462824
'研修',3.481620718462824
'トヨタ',3.481620718462824
'機関',3.433583959899749
'報告',3.433583959899749
'分析',3.400167084377611
'多く',3.400167084377611
'わけだ',3.400167084377611
'以外',3.400167084377611
'経済',3.3855472013366743
'影響',3.352130325814536
'数',3.352130325814536
'説明',3.337510442773601
'業界',3.318713450292398
'日銀',3.2372598162071844
'変わる',3.2372598162071844
'とる',3.2372598162071844
'五輪',3.2372598162071844
'可能だ',3.2080200501253113
'距離',3.203842940685046
'秘書',3.203842940685046
'訓練',3.203842940685046
'んだ',3.203842940685046
'例外',3.203842940685046
'刑事',3.203842940685046
'協会',3.203842940685046
'契約',3.203842940685046
'疑い',3.203842940685046
'委託',3.203842940685046
'社長',3.1558061821219714
'赤字',3.122389306599833
'意識',3.122389306599833
'倍',3.122389306599833
'上',3.1077694235588966
'今後',3.0743525480367584
'結果',3.0743525480367584
'情報',3.0743525480367584
'懸念',3.0743525480367584
'その',3.059732664995824
'閣僚',3.04093567251462
'空港',3.04093567251462
'近藤',3.007518796992481
'弾道',3.007518796992481
'週間',3.007518796992481
'基地',3.007518796992481
'ＮＣＥＰ',3.007518796992481
'全廃',3.007518796992481
'無料',3.007518796992481
'ボイコット',3.007518796992481
'ＮＤＦ',3.007518796992481
'マグロ',3.007518796992481
'波',3.007518796992481
'主催',3.007518796992481
'渋滞',3.007518796992481
'大阪',2.992898913951545
'発表',2.9594820384294067
'つ',2.9594820384294067
'管理',2.9594820384294067
'虚偽',2.926065162907268
'直接だ',2.926065162907268
'要望',2.926065162907268
'田中',2.926065162907268
'運転',2.926065162907268
'不透明だ',2.926065162907268
'販売',2.926065162907268
'大会',2.926065162907268
'デモ',2.926065162907268
'措置',2.9114452798663333
'定める',2.844611528822055
'違反',2.844611528822055
'業務',2.844611528822055
'対策',2.829991645781119
'より',2.7965747702589807
'世界',2.7631578947368425
'回復',2.7631578947368425
'１８',2.7631578947368425
'減る',2.7631578947368425
'名',2.7297410192147034
'供述',2.7297410192147034
'成田',2.7297410192147034
'権限',2.7297410192147034
'採択',2.7297410192147034
'パネル',2.7297410192147034
'有識',2.7297410192147034
'遅れ',2.7297410192147034
'五',2.7297410192147034
'シーベルト',2.7297410192147034
'絶滅',2.7297410192147034
'４億',2.7297410192147034
'握る',2.7297410192147034
'羽田',2.7297410192147034
'府警',2.7297410192147034
'交付',2.7297410192147034
'高速だ',2.7297410192147034
'持ち主',2.7297410192147034
'全',2.6817042606516286
'期待',2.6817042606516286
'新',2.667084377610694
'第',2.667084377610694
'自体',2.6482873851294904
'再建',2.6482873851294904
'総額',2.6482873851294904
'会期',2.6482873851294904
'国連',2.6482873851294904
'超える',2.6482873851294904
'やすい',2.6482873851294904
'成長',2.6482873851294904
'開始',2.6482873851294904
'設定',2.6482873851294904
'当たり',2.6482873851294904
'サミット',2.6482873851294904
'責任',2.6002506265664156
'かかる',2.6002506265664156
'質問',2.5668337510442774
'内容',2.5668337510442774
'退陣',2.5668337510442774
'財政',2.518796992481203
'歳',2.518796992481203
'自民',2.518796992481203
'建設',2.485380116959065
'書',2.485380116959065
'公約',2.485380116959065
'いい',2.485380116959065
'言う',2.4707602339181296
'集める',2.4519632414369257
'農',2.4519632414369257
'前後',2.4519632414369257
'獲得',2.4519632414369257
'危険だ',2.4519632414369257
'復活',2.4519632414369257
'九州',2.4519632414369257
'件数',2.4519632414369257
'公益',2.4519632414369257
'意欲',2.4519632414369257
'作戦',2.4519632414369257
'限界',2.4519632414369257
'有害だ',2.4519632414369257
'池田',2.4519632414369257
'食糧',2.4519632414369257
'運転手',2.4519632414369257
'原子',2.4373433583959896
'始める',2.4373433583959896
'投資',2.403926482873851
'軍事',2.403926482873851
'開発',2.403926482873851
'電話',2.403926482873851
'策定',2.3705096073517127
'総合',2.3705096073517127
'起訴',2.3705096073517127
'厚生',2.3705096073517127
'意味',2.3705096073517127
'期',2.3705096073517127
'欧州',2.3705096073517127
'勢力',2.3705096073517127
'４０',2.3705096073517127
'猿橋',2.3705096073517127
'強調',2.355889724310777
'反',2.2890559732664997
'意向',2.2890559732664997
'否定',2.2890559732664997
'朴',2.255639097744361
'正哲',2.255639097744361
'位置づける',2.255639097744361
'出先',2.255639097744361
'目安',2.255639097744361
'シュワブ',2.255639097744361
'嘉手納',2.255639097744361
'正統だ',2.255639097744361
'多様だ',2.255639097744361
'ＷＨＯ',2.255639097744361
'１７１８',2.255639097744361
'章',2.255639097744361
'保全',2.255639097744361
'血管',2.255639097744361
'松村',2.255639097744361
'出願',2.255639097744361
'佐賀',2.255639097744361
'公認',2.255639097744361
'優遇',2.255639097744361
'処罰',2.255639097744361
'ハードル',2.255639097744361
'改定',2.255639097744361
'ステルス',2.255639097744361
'ｉＰＳ',2.255639097744361
'細胞',2.255639097744361
'主流',2.255639097744361
'危うい',2.255639097744361
'会員',2.255639097744361
'サイト',2.255639097744361
'デフレ',2.255639097744361
'ホームページ',2.255639097744361
'トキ',2.255639097744361
'輪番',2.255639097744361
'安保理',2.255639097744361
'陣',2.255639097744361
'村田',2.255639097744361
'経理',2.255639097744361
'周期',2.255639097744361
'出展',2.255639097744361
'住所',2.255639097744361
'タッチ',2.255639097744361
'床',2.255639097744361
'ブレーキ',2.255639097744361
'カフェ',2.255639097744361
'スポンサー',2.255639097744361
'九',2.255639097744361
'車両',2.255639097744361
'６５',2.255639097744361
'都議',2.255639097744361
'騒乱',2.255639097744361
'栽培',2.255639097744361
'酒井',2.255639097744361
'また',2.2410192147034254
'小',2.207602339181287
'やる',2.207602339181287
'１３',2.207602339181287
'暫定',2.207602339181287
'０６',2.207602339181287
'当初',2.207602339181287
'地方',2.207602339181287
'財源',2.207602339181287
'事実',2.1741854636591476
'改善',2.1741854636591476
'ごろ',2.1741854636591476
'動く',2.1741854636591476
'報道',2.1741854636591476
'前回',2.1741854636591476
'限り',2.1741854636591476
'福岡',2.1741854636591476
'立候補',2.1741854636591476
'市民',2.1741854636591476
'総務',2.1741854636591476
'前向きだ',2.1741854636591476
'選ぶ',2.1741854636591476
'中堅',2.1741854636591476
'込む',2.159565580618212
'延長',2.1261487050960732
'発射',2.0927318295739346
'黒字',2.0927318295739346
'掲げる',2.0927318295739346
'岡田',2.0927318295739346
'センター',2.0927318295739346
'呼ぶ',2.0927318295739346
'知る',2.0927318295739346
'しれる',2.0927318295739346
'株主',2.0927318295739346
'改革',2.0781119465329994
'意見',2.0446950710108602
'この',2.015455304928988
'求める',2.015455304928988
'韓国',2.011278195488722
'中心',2.011278195488722
'現行',2.011278195488722
'最大だ',2.011278195488722
'燃料',2.011278195488722
'せる',1.9820384294068507
'経験',1.9778613199665833
'後継',1.9778613199665833
'身柄',1.9778613199665833
'動かす',1.9778613199665833
'北沢',1.9778613199665833
'脅威',1.9778613199665833
'限定',1.9778613199665833
'疾患',1.9778613199665833
'把握',1.9778613199665833
'そんな',1.9778613199665833
'位',1.9778613199665833
'天下り',1.9778613199665833
'寄せる',1.9778613199665833
'障害',1.9778613199665833
'なお',1.9778613199665833
'所長',1.9778613199665833
'先住',1.9778613199665833
'民族',1.9778613199665833
'側近',1.9778613199665833
'解釈',1.9778613199665833
'十分',1.9778613199665833
'線量',1.9778613199665833
'機会',1.9778613199665833
'脱却',1.9778613199665833
'協定',1.9778613199665833
'預金',1.9778613199665833
'意図',1.9778613199665833
'合理',1.9778613199665833
'消える',1.9778613199665833
'１０万',1.9778613199665833
'値上がり',1.9778613199665833
'漁業',1.9778613199665833
'振興',1.9778613199665833
'及ぶ',1.9778613199665833
'取締',1.9778613199665833
'現金',1.9778613199665833
'不動産',1.9778613199665833
'防護',1.9778613199665833
'公平だ',1.9778613199665833
'指数',1.9778613199665833
'１兆',1.9778613199665833
'難しい',1.929824561403509
'郵政',1.929824561403509
'めど',1.8964076858813699
'購入',1.8964076858813699
'触れる',1.8964076858813699
'給付',1.8964076858813699
'高',1.8964076858813699
'出席',1.8964076858813699
'限る',1.8964076858813699
'国土',1.8964076858813699
'国交',1.8964076858813699
'見直す',1.8964076858813699
'役',1.8964076858813699
'抑制',1.8964076858813699
'種',1.8964076858813699
'００',1.8964076858813699
'開業',1.8964076858813699
'下落',1.8964076858813699
'財務',1.8817878028404333
'計画',1.8817878028404333
'状況',1.8817878028404333
'決定',1.848370927318295
'一部',1.848370927318295
'▽',1.848370927318295
'月',1.8316624895572247
'世論',1.814954051796157
'移転',1.814954051796157
'設ける',1.814954051796157
'条約',1.814954051796157
'警察',1.814954051796157
'大きな',1.814954051796157
'辞任',1.814954051796157
'過去',1.814954051796157
'軍',1.7335004177109443
'非',1.7335004177109443
'技術',1.7335004177109443
'料',1.7335004177109443
'料金',1.7335004177109443
'見せる',1.7000835421888054
'踏み込む',1.7000835421888054
'北海道',1.7000835421888054
'日程',1.7000835421888054
'奪う',1.7000835421888054
'模索',1.7000835421888054
'親',1.7000835421888054
'低',1.7000835421888054
'条',1.7000835421888054
'細野',1.7000835421888054
'共に',1.7000835421888054
'クラスター',1.7000835421888054
'精神',1.7000835421888054
'既存',1.7000835421888054
'被ばく',1.7000835421888054
'実質',1.7000835421888054
'野生',1.7000835421888054
'会計',1.7000835421888054
'取り組み',1.7000835421888054
'４３',1.7000835421888054
'解消',1.7000835421888054
'剛',1.7000835421888054
'９５',1.7000835421888054
'リットル',1.7000835421888054
'急増',1.7000835421888054
'電',1.7000835421888054
'受け入れる',1.7000835421888054
'上場',1.7000835421888054
'計',1.6520467836257313
'点',1.6520467836257313
'表明',1.6520467836257313
'＝',1.6520467836257313
'放射',1.6520467836257313
'含む',1.6186299081035922
'戦',1.6186299081035922
'上昇',1.6186299081035922
'審査',1.6186299081035922
'陸上',1.6186299081035922
'米軍',1.6186299081035922
'心',1.6186299081035922
'北京',1.6186299081035922
'子ども',1.6186299081035922
'１９',1.6186299081035922
'改めて',1.6186299081035922
'高騰',1.6186299081035922
'団体',1.6186299081035922
'自分',1.6186299081035922
'過ぎる',1.6186299081035922
'通常',1.6186299081035922
'客',1.6186299081035922
'１１',1.6040100250626557
'拡大',1.5371762740183792
'関与',1.5371762740183792
'枠',1.5371762740183792
'申請',1.5371762740183792
'号',1.5371762740183792
'時点',1.5371762740183792
'かも',1.5371762740183792
'上限',1.5371762740183792
'独',1.5037593984962405
'配当',1.5037593984962405
'水谷',1.5037593984962405
'補う',1.5037593984962405
'弘行',1.5037593984962405
'静岡',1.5037593984962405
'行革',1.5037593984962405
'愛知',1.5037593984962405
'府県',1.5037593984962405
'３０億',1.5037593984962405
'同等だ',1.5037593984962405
'有力だ',1.5037593984962405
'入国',1.5037593984962405
'期す',1.5037593984962405
'閉会',1.5037593984962405
'す',1.5037593984962405
'断層',1.5037593984962405
'活断層',1.5037593984962405
'見解',1.5037593984962405
'康弘',1.5037593984962405
'空軍',1.5037593984962405
'外来',1.5037593984962405
'堅持',1.5037593984962405
'次ぐ',1.5037593984962405
'おごり',1.5037593984962405
'通じ合う',1.5037593984962405
'憲章',1.5037593984962405
'科す',1.5037593984962405
'ワシントン',1.5037593984962405
'論文',1.5037593984962405
'すら',1.5037593984962405
'大変だ',1.5037593984962405
'千葉',1.5037593984962405
'敗れる',1.5037593984962405
'近畿',1.5037593984962405
'引き渡し',1.5037593984962405
'玄海',1.5037593984962405
'踏む',1.5037593984962405
'数値',1.5037593984962405
'選択肢',1.5037593984962405
'原点',1.5037593984962405
'拮抗',1.5037593984962405
'きっこう',1.5037593984962405
'中間',1.5037593984962405
'無駄だ',1.5037593984962405
'歩',1.5037593984962405
'しがらみ',1.5037593984962405
'温存',1.5037593984962405
'クギ',1.5037593984962405
'引く',1.5037593984962405
'オスロ',1.5037593984962405
'批准',1.5037593984962405
'人道',1.5037593984962405
'３３００',1.5037593984962405
'３６００',1.5037593984962405
'城',1.5037593984962405
'敵',1.5037593984962405
'商工',1.5037593984962405
'認可',1.5037593984962405
'性能',1.5037593984962405
'増強',1.5037593984962405
'後回し',1.5037593984962405
'知財',1.5037593984962405
'知的だ',1.5037593984962405
'そのもの',1.5037593984962405
'有罪',1.5037593984962405
'受け皿',1.5037593984962405
'解党',1.5037593984962405
'願う',1.5037593984962405
'かなう',1.5037593984962405
'９６',1.5037593984962405
'信念',1.5037593984962405
'塚本',1.5037593984962405
'手法',1.5037593984962405
'計測',1.5037593984962405
'原則として',1.5037593984962405
'順次',1.5037593984962405
'ベテラン',1.5037593984962405
'隠滅',1.5037593984962405
'新潟',1.5037593984962405
'生態',1.5037593984962405
'学',1.5037593984962405
'一気だ',1.5037593984962405
'秋野',1.5037593984962405
'会館',1.5037593984962405
'共感',1.5037593984962405
'ブランド',1.5037593984962405
'大淀',1.5037593984962405
'海野',1.5037593984962405
'産科',1.5037593984962405
'夜間',1.5037593984962405
'休日',1.5037593984962405
'拠点',1.5037593984962405
'漁',1.5037593984962405
'短期',1.5037593984962405
'卸値',1.5037593984962405
'９７',1.5037593984962405
'水準',1.5037593984962405
'陥る',1.5037593984962405
'改選',1.5037593984962405
'役職',1.5037593984962405
'谷川',1.5037593984962405
'メーン',1.5037593984962405
'ビジネス',1.5037593984962405
'イラン',1.5037593984962405
'船舶',1.5037593984962405
'８２',1.5037593984962405
'深野',1.5037593984962405
'院長',1.5037593984962405
'公正だ',1.5037593984962405
'院',1.5037593984962405
'風土',1.5037593984962405
'木村',1.5037593984962405
'班',1.5037593984962405
'こぎつける',1.5037593984962405
'急だ',1.5037593984962405
'夢洲',1.5037593984962405
'交易',1.5037593984962405
'上海',1.5037593984962405
'軽油',1.5037593984962405
'引取',1.5037593984962405
'目玉',1.5037593984962405
'秒',1.5037593984962405
'万博',1.5037593984962405
'株',1.5037593984962405
'枚',1.5037593984962405
'原本',1.5037593984962405
'コピー',1.5037593984962405
'番号',1.5037593984962405
'係長',1.5037593984962405
'入手',1.5037593984962405
'端末',1.5037593984962405
'ＮＴＴ',1.5037593984962405
'事象',1.5037593984962405
'ヒヤリ',1.5037593984962405
'ハット',1.5037593984962405
'脱線',1.5037593984962405
'東西',1.5037593984962405
'喫煙',1.5037593984962405
'語らう',1.5037593984962405
'御手洗',1.5037593984962405
'さえ',1.5037593984962405
'高木',1.5037593984962405
'働き',1.5037593984962405
'別',1.5037593984962405
'グッズ',1.5037593984962405
'ＮＰＢ',1.5037593984962405
'公衆',1.5037593984962405
'入管',1.5037593984962405
'進行',1.5037593984962405
'仕込む',1.5037593984962405
'定額',1.5037593984962405
'王仁',1.5037593984962405
'歌',1.5037593984962405
'百済',1.5037593984962405
'請負',1.5037593984962405
'決算',1.5037593984962405
'法曹',1.5037593984962405
'混迷',1.5037593984962405
'外出',1.5037593984962405
'大麻',1.5037593984962405
'人数',1.5037593984962405
'事犯',1.5037593984962405
'警視',1.5037593984962405
'石油',1.5037593984962405
'率分',1.5037593984962405
'出荷',1.5037593984962405
'食肉',1.5037593984962405
'姿勢',1.4891395154553049
'『',1.4891395154553049
'』',1.4891395154553049
'施設',1.4557226399331666
'見直し',1.4557226399331666
'会長',1.4557226399331666
'分かる',1.4557226399331666
'処理',1.4557226399331666
'当時',1.4557226399331666
'側',1.4264828738512954
'大綱',1.4223057644110275
'不十分だ',1.4223057644110275
'茨城',1.4223057644110275
'拘束',1.4223057644110275
'追加',1.4223057644110275
'英',1.4223057644110275
'欠く',1.4223057644110275
'登録',1.4223057644110275
'ロシア',1.4223057644110275
'回す',1.4223057644110275
'高まる',1.4223057644110275
'爆弾',1.4223057644110275
'当たる',1.4223057644110275
'展開',1.4223057644110275
'打ち出す',1.4223057644110275
'値',1.4223057644110275
'見込む',1.4223057644110275
'夏',1.4223057644110275
'０４',1.4223057644110275
'株式',1.4223057644110275
'全員',1.4223057644110275
'年齢',1.4223057644110275
'加入',1.4223057644110275
'おく',1.4223057644110275
'総会',1.4223057644110275
'なら',1.3742690058479536
'協力',1.3742690058479536
'そうだ',1.3742690058479536
'まとめる',1.3408521303258143
'武藤',1.3408521303258143
'通信',1.3408521303258143
'調べる',1.3408521303258143
'約束',1.3408521303258143
'考える',1.3408521303258143
'なくなる',1.3408521303258143
'ただし',1.3408521303258143
'法人',1.3408521303258143
'重視',1.3408521303258143
'税率',1.3408521303258143
'社員',1.3408521303258143
'形',1.3408521303258143
'外国',1.3408521303258143
'機能',1.3408521303258143
'初めて',1.3408521303258143
'交渉',1.3408521303258143
'以上',1.326232247284878
'調査',1.326232247284878
'見通し',1.2928153717627398
'持つ',1.2928153717627398
'国際',1.2928153717627398
'ほか',1.2593984962406015
'こうした',1.2593984962406015
'防衛',1.2593984962406015
'カ月',1.2593984962406015
'明らかだ',1.2593984962406015
'外交',1.2593984962406015
'優先',1.2593984962406015
'雇用',1.2593984962406015
'特定',1.2593984962406015
'直す',1.2259816207184628
'差額',1.2259816207184628
'大蔵',1.2259816207184628
'再編',1.2259816207184628
'厚',1.2259816207184628
'敗北',1.2259816207184628
'次いで',1.2259816207184628
'所信',1.2259816207184628
'速やかだ',1.2259816207184628
'見送る',1.2259816207184628
'柱',1.2259816207184628
'クロ',1.2259816207184628
'ライン',1.2259816207184628
'三沢',1.2259816207184628
'戦闘',1.2259816207184628
'幅広い',1.2259816207184628
'相当',1.2259816207184628
'９３',1.2259816207184628
'７５',1.2259816207184628
'仏',1.2259816207184628
'唯一',1.2259816207184628
'武器',1.2259816207184628
'連盟',1.2259816207184628
'つながり',1.2259816207184628
'英国',1.2259816207184628
'言語',1.2259816207184628
'せい',1.2259816207184628
'外遊',1.2259816207184628
'成果',1.2259816207184628
'そうした',1.2259816207184628
'上位',1.2259816207184628
'扱い',1.2259816207184628
'増す',1.2259816207184628
'犯',1.2259816207184628
'正しい',1.2259816207184628
'配分',1.2259816207184628
'支出',1.2259816207184628
'刺す',1.2259816207184628
'高官',1.2259816207184628
'欠陥',1.2259816207184628
'自己',1.2259816207184628
'がちだ',1.2259816207184628
'医師',1.2259816207184628
'短い',1.2259816207184628
'貸し',1.2259816207184628
'民間',1.2259816207184628
'断念',1.2259816207184628
'軸',1.2259816207184628
'推薦',1.2259816207184628
'届け出',1.2259816207184628
'抜き',1.2259816207184628
'制定',1.2259816207184628
'猛',1.2259816207184628
'どんな',1.2259816207184628
'信じる',1.2259816207184628
'兵',1.2259816207184628
'生命',1.2259816207184628
'仮定',1.2259816207184628
'妥当だ',1.2259816207184628
'数字',1.2259816207184628
'物価',1.2259816207184628
'国政',1.2259816207184628
'築く',1.2259816207184628
'暮らす',1.2259816207184628
'同様だ',1.2259816207184628
'一種',1.2259816207184628
'農業',1.2259816207184628
'流れる',1.2259816207184628
'手持ち',1.2259816207184628
'どうして',1.2259816207184628
'特捜部',1.2259816207184628
'隠す',1.2259816207184628
'明白だ',1.2259816207184628
'恐れ',1.2259816207184628
'１０００',1.2259816207184628
'常務',1.2259816207184628
'搬送',1.2259816207184628
'阪神',1.2259816207184628
'付く',1.2259816207184628
'長期',1.2259816207184628
'猶予',1.2259816207184628
'固定',1.2259816207184628
'取れる',1.2259816207184628
'聴く',1.2259816207184628
'教える',1.2259816207184628
'いろんな',1.2259816207184628
'はず',1.2259816207184628
'物資',1.2259816207184628
'８６',1.2259816207184628
'やり',1.2259816207184628
'コメント',1.2259816207184628
'発動',1.2259816207184628
'少なくとも',1.2259816207184628
'了承',1.2259816207184628
'撤廃',1.2259816207184628
'上乗せ',1.2259816207184628
'少年',1.2259816207184628
'父親',1.2259816207184628
'手書き',1.2259816207184628
'配給',1.2259816207184628
'シャープ',1.2259816207184628
'メール',1.2259816207184628
'数百',1.2259816207184628
'証言',1.2259816207184628
'経団連',1.2259816207184628
'終了',1.2259816207184628
'支配',1.2259816207184628
'笑い',1.2259816207184628
'関心',1.2259816207184628
'ネットワーク',1.2259816207184628
'シナリオ',1.2259816207184628
'富士',1.2259816207184628
'花',1.2259816207184628
'口',1.2259816207184628
'集まる',1.2259816207184628
'カイロ',1.2259816207184628
'削減',1.2113617376775272
'＜',1.1779448621553885
'＞',1.1779448621553885
'前提',1.1445279866332498
'積極',1.1445279866332498
'小泉',1.1445279866332498
'現状',1.1445279866332498
'犯罪',1.1445279866332498
'実際',1.1445279866332498
'シリア',1.1445279866332498
'臓器',1.1445279866332498
'限',1.1445279866332498
'６０',1.1445279866332498
'連絡',1.1445279866332498
'義務',1.1445279866332498
'誠司',1.1445279866332498
'刷新',1.1445279866332498
'確実だ',1.1445279866332498
'発揮',1.1445279866332498
'増加',1.1445279866332498
'番組',1.1445279866332498
'未満',1.1445279866332498
'渡辺',1.1445279866332498
'信頼',1.1445279866332498
'税制',1.1445279866332498
'待つ',1.1445279866332498
'議席',1.1445279866332498
'送る',1.1445279866332498
'悪い',1.1445279866332498
'爆発',1.1445279866332498
'そういう',1.1445279866332498
'事前',1.1445279866332498
'先立つ',1.1445279866332498
'所',1.1299081035923138
'べきだ',1.1299081035923138
'派遣',1.0964912280701755
'推進',1.0630743525480366
'所得',1.0630743525480366
'準備',1.0630743525480366
'調整',1.0630743525480366
'ケース',1.0630743525480366
'来年',1.0630743525480366
'交通',1.0630743525480366
'感じる',1.0630743525480366
'被告',1.0630743525480366
'制',1.0630743525480366
'コスト',1.0630743525480366
'線',1.0630743525480366
'西',1.0630743525480366
'住宅',1.0630743525480366
'今',1.0484544695071003
'年度',1.033834586466165
'２７',0.9816207184628238
'道',0.9816207184628238
'つながる',0.9816207184628238
'南北',0.9482038429406849
'島',0.9482038429406849
'利子',0.9482038429406849
'転落',0.9482038429406849
'借金',0.9482038429406849
'支える',0.9482038429406849
'大場',0.9482038429406849
'演出',0.9482038429406849
'母',0.9482038429406849
'各社',0.9482038429406849
'保つ',0.9482038429406849
'重い',0.9482038429406849
'似る',0.9482038429406849
'名古屋',0.9482038429406849
'不足だ',0.9482038429406849
'４１',0.9482038429406849
'気',0.9482038429406849
'当選',0.9482038429406849
'単独',0.9482038429406849
'大量だ',0.9482038429406849
'適切だ',0.9482038429406849
'中田',0.9482038429406849
'卓二',0.9482038429406849
'流出',0.9482038429406849
'中止',0.9482038429406849
'材料',0.9482038429406849
'成功',0.9482038429406849
'慶応大',0.9482038429406849
'結成',0.9482038429406849
'詳しい',0.9482038429406849
'簡単だ',0.9482038429406849
'軽減',0.9482038429406849
'明記',0.9482038429406849
'柔軟だ',0.9482038429406849
'バランス',0.9482038429406849
'促す',0.9482038429406849
'歓迎',0.9482038429406849
'顧問',0.9482038429406849
'公職',0.9482038429406849
'自宅',0.9482038429406849
'態度',0.9482038429406849
'組む',0.9482038429406849
'５１',0.9482038429406849
'自動',0.9482038429406849
'航空',0.9482038429406849
'課',0.9482038429406849
'メディア',0.9482038429406849
'みせる',0.9482038429406849
'埋め',0.9482038429406849
'立て',0.9482038429406849
'トレード',0.9482038429406849
'インフラ',0.9482038429406849
'動向',0.9482038429406849
'打つ',0.9482038429406849
'来',0.9482038429406849
'概算',0.9482038429406849
'滞納',0.9482038429406849
'寒い',0.9482038429406849
'異常だ',0.9482038429406849
'観光',0.9482038429406849
'記す',0.9482038429406849
'横田',0.9482038429406849
'投入',0.9482038429406849
'役人',0.9482038429406849
'勤務',0.9482038429406849
'権利',0.9482038429406849
'枝野',0.9482038429406849
'加速',0.9482038429406849
'咲く',0.9482038429406849
'以来',0.9482038429406849
'密輸',0.9482038429406849
'議論',0.9001670843776108
'大統領',0.9001670843776108
'支援',0.9001670843776108
'１４',0.9001670843776108
'予定',0.8667502088554722
'運営',0.8667502088554722
'通ずる',0.8667502088554722
'リスク',0.8667502088554722
'既に',0.8667502088554722
'次官',0.8667502088554722
'通り',0.8667502088554722
'反対だ',0.8667502088554722
'専門',0.8667502088554722
'実態',0.8667502088554722
'回る',0.8667502088554722
'期限',0.8667502088554722
'費用',0.8667502088554722
'Ｆ',0.8667502088554722
'向け',0.8667502088554722
'避ける',0.8667502088554722
'複数',0.8667502088554722
'範囲',0.8667502088554722
'公開',0.8667502088554722
'文化',0.8667502088554722
'演説',0.8667502088554722
'剤',0.8667502088554722
'化',0.8228905597326666
'府',0.8187134502923978
'銀行',0.8187134502923978
'状態',0.7852965747702587
'国債',0.7852965747702587
'別だ',0.7852965747702587
'チーム',0.7852965747702587
'ほとんど',0.7852965747702587
'指導',0.7852965747702587
'危機',0.7852965747702587
'判決',0.7852965747702587
'迫る',0.7852965747702587
'利用',0.7852965747702587
'開催',0.7852965747702587
'整備',0.7852965747702587
'関係',0.7560568086883865
'首長',0.7518796992481203
'識者',0.7518796992481203
'燃',0.7518796992481203
'サイクル',0.7518796992481203
'勉強',0.7518796992481203
'称する',0.7518796992481203
'議事',0.7518796992481203
'外す',0.7518796992481203
'打ち上げ',0.7518796992481203
'強行',0.7518796992481203
'従軍',0.7518796992481203
'ドクト',0.7518796992481203
'やりとり',0.7518796992481203
'１３・３兆',0.7518796992481203
'穴埋め',0.7518796992481203
'定着',0.7518796992481203
'成り立つ',0.7518796992481203
'さばける',0.7518796992481203
'金利',0.7518796992481203
'小倉',0.7518796992481203
'祥徳',0.7518796992481203
'消極',0.7518796992481203
'橋本',0.7518796992481203
'言い分',0.7518796992481203
'有能だ',0.7518796992481203
'定評',0.7518796992481203
'３０兆',0.7518796992481203
'献策',0.7518796992481203
'緊縮',0.7518796992481203
'洗練',0.7518796992481203
'赤城',0.7518796992481203
'徳彦',0.7518796992481203
'額賀',0.7518796992481203
'福志郎',0.7518796992481203
'柳沢',0.7518796992481203
'伯夫',0.7518796992481203
'中馬',0.7518796992481203
'弘毅',0.7518796992481203
'二階',0.7518796992481203
'俊博',0.7518796992481203
'完敗',0.7518796992481203
'支払',0.7518796992481203
'正男',0.7518796992481203
'取りざた',0.7518796992481203
'偽造',0.7518796992481203
'パスポート',0.7518796992481203
'密だ',0.7518796992481203
'挙がる',0.7518796992481203
'英姫',0.7518796992481203
'偶像',0.7518796992481203
'高嶋',0.7518796992481203
'良充',0.7518796992481203
'屋上',0.7518796992481203
'架',0.7518796992481203
'政府筋',0.7518796992481203
'政調',0.7518796992481203
'盛り込み',0.7518796992481203
'あう',0.7518796992481203
'変形',0.7518796992481203
'Ｄ',0.7518796992481203
'破砕',0.7518796992481203
'島崎',0.7518796992481203
'浦底',0.7518796992481203
'みなす',0.7518796992481203
'出生',0.7518796992481203
'大分',0.7518796992481203
'組み合わせる',0.7518796992481203
'撤退',0.7518796992481203
'Ｆ１',0.7518796992481203
'モレル',0.7518796992481203
'履行',0.7518796992481203
'兵舎',0.7518796992481203
'仙石',0.7518796992481203
'恭',0.7518796992481203
'口説く',0.7518796992481203
'渋々',0.7518796992481203
'嫌いだ',0.7518796992481203
'意',0.7518796992481203
'威一郎',0.7518796992481203
'死去',0.7518796992481203
'座談',0.7518796992481203
'オランド',0.7518796992481203
'湾岸',0.7518796992481203
'ＧＣＣ',0.7518796992481203
'アラブ',0.7518796992481203
'イラク',0.7518796992481203
'ヘイグ',0.7518796992481203
'聖書',0.7518796992481203
'バベル',0.7518796992481203
'神',0.7518796992481203
'そのような',0.7518796992481203
'企て',0.7518796992481203
'マネー',0.7518796992481203
'他人',0.7518796992481203
'一因',0.7518796992481203
'怪',0.7518796992481203
'自粛',0.7518796992481203
'力点',0.7518796992481203
'大筋',0.7518796992481203
'貨物',0.7518796992481203
'義務付ける',0.7518796992481203
'適する',0.7518796992481203
'医学',0.7518796992481203
'誌',0.7518796992481203
'ランセット',0.7518796992481203
'疫学',0.7518796992481203
'７５００',0.7518796992481203
'合致',0.7518796992481203
'同行',0.7518796992481203
'田川',0.7518796992481203
'書き記す',0.7518796992481203
'謙三',0.7518796992481203
'読売',0.7518796992481203
'新聞社刊',0.7518796992481203
'国境',0.7518796992481203
'深セン',0.7518796992481203
'医者',0.7518796992481203
'広州',0.7518796992481203
'汽車',0.7518796992481203
'飛行機',0.7518796992481203
'寝台',0.7518796992481203
'待ちぼうけ',0.7518796992481203
'ひどい',0.7518796992481203
'復交',0.7518796992481203
'儀礼',0.7518796992481203
'振る舞い',0.7518796992481203
'耐える',0.7518796992481203
'商標',0.7518796992481203
'秋田',0.7518796992481203
'取り消す',0.7518796992481203
'公告',0.7518796992481203
'働き掛け',0.7518796992481203
'並べる',0.7518796992481203
'底上げ',0.7518796992481203
'惜敗',0.7518796992481203
'極力',0.7518796992481203
'柳本',0.7518796992481203
'卓治',0.7518796992481203
'幸三',0.7518796992481203
'典型',0.7518796992481203
'ブロック',0.7518796992481203
'猪口',0.7518796992481203
'邦子',0.7518796992481203
'長島',0.7518796992481203
'忠美',0.7518796992481203
'信越',0.7518796992481203
'三津枝',0.7518796992481203
'犯す',0.7518796992481203
'犯意',0.7518796992481203
'全容',0.7518796992481203
'千代崎',0.7518796992481203
'聖史',0.7518796992481203
'運命',0.7518796992481203
'場当たり',0.7518796992481203
'っ放し',0.7518796992481203
'平田',0.7518796992481203
'崇浩',0.7518796992481203
'１９９０',0.7518796992481203
'ＩＰＣＣ',0.7518796992481203
'課する',0.7518796992481203
'プレー',0.7518796992481203
'シップ',0.7518796992481203
'調和',0.7518796992481203
'応援',0.7518796992481203
'なんか',0.7518796992481203
'っこ',0.7518796992481203
'長妻',0.7518796992481203
'昭',0.7518796992481203
'居並ぶ',0.7518796992481203
'押し出す',0.7518796992481203
'対比',0.7518796992481203
'オープンだ',0.7518796992481203
'馬淵',0.7518796992481203
'澄夫',0.7518796992481203
'拍手',0.7518796992481203
'１２１',0.7518796992481203
'４１１',0.7518796992481203
'１４２',0.7518796992481203
'会食',0.7518796992481203
'はしご',0.7518796992481203
'熱い',0.7518796992481203
'上機嫌だ',0.7518796992481203
'乗り出す',0.7518796992481203
'硬直',0.7518796992481203
'ＩＢＭ',0.7518796992481203
'二人三脚',0.7518796992481203
'増額',0.7518796992481203
'克服',0.7518796992481203
'ＩＭＦ',0.7518796992481203
'１１１',0.7518796992481203
'６６',0.7518796992481203
'拍車',0.7518796992481203
'死傷',0.7518796992481203
'づらい',0.7518796992481203
'皮肉る',0.7518796992481203
'上出来だ',0.7518796992481203
'愛憎',0.7518796992481203
'雲',0.7518796992481203
'いなす',0.7518796992481203
'女房',0.7518796992481203
'演ずる',0.7518796992481203
'ヨリ',0.7518796992481203
'並',0.7518796992481203
'再診',0.7518796992481203
'３５００',0.7518796992481203
'９９０',0.7518796992481203
'１０８０',0.7518796992481203
'洋一郎',0.7518796992481203
'塚本正治',0.7518796992481203
'うつ病',0.7518796992481203
'通院',0.7518796992481203
'長短',0.7518796992481203
'４万５０００',0.7518796992481203
'伸ばす',0.7518796992481203
'堂々',0.7518796992481203
'雪辱',0.7518796992481203
'片山',0.7518796992481203
'誘い',0.7518796992481203
'属す',0.7518796992481203
'エリート',0.7518796992481203
'辛酸',0.7518796992481203
'なめる',0.7518796992481203
'初志',0.7518796992481203
'貫徹',0.7518796992481203
'リサーチ',0.7518796992481203
'１０００万',0.7518796992481203
'１５・１',0.7518796992481203
'１０２１',0.7518796992481203
'一時しのぎ',0.7518796992481203
'中井',0.7518796992481203
'正裕',0.7518796992481203
'出入り',0.7518796992481203
'探知',0.7518796992481203
'目出',0.7518796992481203
'殲',0.7518796992481203
'せん',0.7518796992481203
'Ｊ',0.7518796992481203
'新鋭だ',0.7518796992481203
'空自',0.7518796992481203
'実戦',0.7518796992481203
'配備',0.7518796992481203
'見積もり',0.7518796992481203
'１億１２００万',0.7518796992481203
'９２億',0.7518796992481203
'兆し',0.7518796992481203
'羽鳥',0.7518796992481203
'発明',0.7518796992481203
'弱点',0.7518796992481203
'津',0.7518796992481203
'国肇',0.7518796992481203
'津国',0.7518796992481203
'財産',0.7518796992481203
'払う',0.7518796992481203
'ツケ',0.7518796992481203
'つづく',0.7518796992481203
'ウタリ',0.7518796992481203
'者懇',0.7518796992481203
'答申',0.7518796992481203
'出発',0.7518796992481203
'画期的だ',0.7518796992481203
'３４７１',0.7518796992481203
'総意',0.7518796992481203
'くみ取る',0.7518796992481203
'千々部一好',0.7518796992481203
'邦夫',0.7518796992481203
'実弟',0.7518796992481203
'文芸',0.7518796992481203
'春秋',0.7518796992481203
'吼',0.7518796992481203
'ほ',0.7518796992481203
'兄',0.7518796992481203
'出世',0.7518796992481203
'欲',0.7518796992481203
'とおり',0.7518796992481203
'権力',0.7518796992481203
'だからといって',0.7518796992481203
'三郎',0.7518796992481203
'ＦＡＸ',0.7518796992481203
'レポート',0.7518796992481203
'字',0.7518796992481203
'情熱',0.7518796992481203
'注ぐ',0.7518796992481203
'勝てる',0.7518796992481203
'大村',0.7518796992481203
'秀章',0.7518796992481203
'河村',0.7518796992481203
'たかし',0.7518796992481203
'オリーブ',0.7518796992481203
'広がり',0.7518796992481203
'嫌だ',0.7518796992481203
'相いれない',0.7518796992481203
'多々',0.7518796992481203
'公電',0.7518796992481203
'条文',0.7518796992481203
'領土',0.7518796992481203
'阻害',0.7518796992481203
'軽',0.7518796992481203
'年明け',0.7518796992481203
'事柄',0.7518796992481203
'八',0.7518796992481203
'４６',0.7518796992481203
'屋外',0.7518796992481203
'様式',0.7518796992481203
'教職',0.7518796992481203
'線量計',0.7518796992481203
'注文',0.7518796992481203
'毎時',0.7518796992481203
'３・８',0.7518796992481203
'マイクロシーベルト',0.7518796992481203
'今なお',0.7518796992481203
'成年',0.7518796992481203
'不要だ',0.7518796992481203
'申し出る',0.7518796992481203
'フィルタリング',0.7518796992481203
'呼び水',0.7518796992481203
'交換',0.7518796992481203
'歩む',0.7518796992481203
'兎',0.7518796992481203
'にと',0.7518796992481203
'出動',0.7518796992481203
'据える',0.7518796992481203
'インフレ',0.7518796992481203
'元久',0.7518796992481203
'ノウハウ',0.7518796992481203
'強固だ',0.7518796992481203
'相原',0.7518796992481203
'主宰',0.7518796992481203
'塾',0.7518796992481203
'ガールズ',0.7518796992481203
'山尾',0.7518796992481203
'志桜里',0.7518796992481203
'世話',0.7518796992481203
'不快だ',0.7518796992481203
'あらわだ',0.7518796992481203
'厳格だ',0.7518796992481203
'概要',0.7518796992481203
'問い合わせ',0.7518796992481203
'苦情',0.7518796992481203
'取り下げる',0.7518796992481203
'口利き',0.7518796992481203
'取り付ける',0.7518796992481203
'想像',0.7518796992481203
'訪ねる',0.7518796992481203
'素っ気ない',0.7518796992481203
'持ち出す',0.7518796992481203
'包丁',0.7518796992481203
'刺殺',0.7518796992481203
'ぞうきん',0.7518796992481203
'指紋',0.7518796992481203
'ふく',0.7518796992481203
'空想',0.7518796992481203
'朱鷺',0.7518796992481203
'郷',0.7518796992481203
'認証',0.7518796992481203
'稲作',0.7518796992481203
'肥料',0.7518796992481203
'冬季',0.7518796992481203
'田',0.7518796992481203
'小さな',0.7518796992481203
'水路',0.7518796992481203
'餌',0.7518796992481203
'オタマジャクシ',0.7518796992481203
'農法',0.7518796992481203
'豊岡',0.7518796992481203
'コウノトリ',0.7518796992481203
'産',0.7518796992481203
'繁殖',0.7518796992481203
'羽',0.7518796992481203
'年月',0.7518796992481203
'費やす',0.7518796992481203
'危惧',0.7518796992481203
'１００２',0.7518796992481203
'侵入',0.7518796992481203
'里山',0.7518796992481203
'荒廃',0.7518796992481203
'３０２',0.7518796992481203
'尚志',0.7518796992481203
'いつか',0.7518796992481203
'宮地',0.7518796992481203
'佳那子',0.7518796992481203
'後援',0.7518796992481203
'資麿',0.7518796992481203
'公造',0.7518796992481203
'励ます',0.7518796992481203
'当地',0.7518796992481203
'香川',0.7518796992481203
'農政',0.7518796992481203
'仲介',0.7518796992481203
'未知だ',0.7518796992481203
'事後',0.7518796992481203
'私設',0.7518796992481203
'知裕',0.7518796992481203
'規正',0.7518796992481203
'完工',0.7518796992481203
'わが',0.7518796992481203
'選良',0.7518796992481203
'利便だ',0.7518796992481203
'直面',0.7518796992481203
'ガマン',0.7518796992481203
'重役',0.7518796992481203
'真っ先',0.7518796992481203
'新装',0.7518796992481203
'来客',0.7518796992481203
'カッシーナ',0.7518796992481203
'ハーマンミラー',0.7518796992481203
'家具',0.7518796992481203
'引き出せる',0.7518796992481203
'チグハグだ',0.7518796992481203
'任意だ',0.7518796992481203
'小分け',0.7518796992481203
'一度に',0.7518796992481203
'大金',0.7518796992481203
'一存',0.7518796992481203
'大久保',0.7518796992481203
'失跡',0.7518796992481203
'三重',0.7518796992481203
'桑名',0.7518796992481203
'１億',0.7518796992481203
'渡す',0.7518796992481203
'覚え',0.7518796992481203
'否認',0.7518796992481203
'モラトリアム',0.7518796992481203
'ぜいたくだ',0.7518796992481203
'白鳥',0.7518796992481203
'早業',0.7518796992481203
'２２３',0.7518796992481203
'２５６',0.7518796992481203
'割れ',0.7518796992481203
'にもかかわらず',0.7518796992481203
'みすみす',0.7518796992481203
'傍観',0.7518796992481203
'謎',0.7518796992481203
'上部',0.7518796992481203
'格納',0.7518796992481203
'火災',0.7518796992481203
'消火',0.7518796992481203
'１ミリ',0.7518796992481203
'マイクロ',0.7518796992481203
'４００ミリ',0.7518796992481203
'奈良',0.7518796992481203
'町立',0.7518796992481203
'妊婦',0.7518796992481203
'転送',0.7518796992481203
'我が国',0.7518796992481203
'脆弱だ',0.7518796992481203
'ぜいじゃくだ',0.7518796992481203
'周産期',0.7518796992481203
'政信',0.7518796992481203
'産婦人科',0.7518796992481203
'母体',0.7518796992481203
'信也',0.7518796992481203
'婦人',0.7518796992481203
'このような',0.7518796992481203
'制約',0.7518796992481203
'淡路',0.7518796992481203
'野島断層',0.7518796992481203
'眠る',0.7518796992481203
'船主',0.7518796992481203
'乗組員',0.7518796992481203
'雇う',0.7518796992481203
'帳消し',0.7518796992481203
'漁協',0.7518796992481203
'採算',0.7518796992481203
'はるかだ',0.7518796992481203
'見合う',0.7518796992481203
'メバチ',0.7518796992481203
'キハダ',0.7518796992481203
'築地',0.7518796992481203
'１キロ',0.7518796992481203
'１５４７',0.7518796992481203
'１２１０',0.7518796992481203
'１３５５',0.7518796992481203
'やや',0.7518796992481203
'補てん',0.7518796992481203
'節減',0.7518796992481203
'肩代わり',0.7518796992481203
'当座',0.7518796992481203
'取りあえず',0.7518796992481203
'ジレンマ',0.7518796992481203
'断ち切る',0.7518796992481203
'重油',0.7518796992481203
'転嫁',0.7518796992481203
'媒体',0.7518796992481203
'政情',0.7518796992481203
'締まり',0.7518796992481203
'ゆるむ',0.7518796992481203
'はびこる',0.7518796992481203
'かっこうだ',0.7518796992481203
'ツイッター',0.7518796992481203
'はまる',0.7518796992481203
'大勝',0.7518796992481203
'導く',0.7518796992481203
'かわす',0.7518796992481203
'院政',0.7518796992481203
'担う',0.7518796992481203
'操る',0.7518796992481203
'厳正だ',0.7518796992481203
'乗員',0.7518796992481203
'防委',0.7518796992481203
'前言',0.7518796992481203
'幕僚',0.7518796992481203
'監部',0.7518796992481203
'海幕',0.7518796992481203
'増田',0.7518796992481203
'好平',0.7518796992481203
'丁寧だ',0.7518796992481203
'拝聴',0.7518796992481203
'補充',0.7518796992481203
'秀善',0.7518796992481203
'秀直',0.7518796992481203
'２２万',0.7518796992481203
'３０万',0.7518796992481203
'ハブ',0.7518796992481203
'アクセス',0.7518796992481203
'旅客',0.7518796992481203
'乗り',0.7518796992481203
'継ぎ',0.7518796992481203
'格安だ',0.7518796992481203
'ジェット',0.7518796992481203
'専用',0.7518796992481203
'ターミナル',0.7518796992481203
'差別',0.7518796992481203
'阻止',0.7518796992481203
'輸送',0.7518796992481203
'臨検',0.7518796992481203
'倒れる',0.7518796992481203
'喜一',0.7518796992481203
'正芳',0.7518796992481203
'中曽根',0.7518796992481203
'実証',0.7518796992481203
'すがる',0.7518796992481203
'浮揚',0.7518796992481203
'見あたる',0.7518796992481203
'裏切る',0.7518796992481203
'無党派',0.7518796992481203
'徹する',0.7518796992481203
'醸成',0.7518796992481203
'保安',0.7518796992481203
'仮称',0.7518796992481203
'上層',0.7518796992481203
'シンポ',0.7518796992481203
'直し',0.7518796992481203
'晋慈',0.7518796992481203
'たけし',0.7518796992481203
'忌避',0.7518796992481203
'特化',0.7518796992481203
'告発',0.7518796992481203
'江上',0.7518796992481203
'急きょ',0.7518796992481203
'ファンド',0.7518796992481203
'提携',0.7518796992481203
'親密だ',0.7518796992481203
'貸し倒れ',0.7518796992481203
'引当金',0.7518796992481203
'１８００億',0.7518796992481203
'自力',0.7518796992481203
'決済',0.7518796992481203
'機構',0.7518796992481203
'ペイオフ',0.7518796992481203
'ダブルスコア',0.7518796992481203
'ふくらむ',0.7518796992481203
'世間',0.7518796992481203
'成否',0.7518796992481203
'解す',0.7518796992481203
'だめだ',0.7518796992481203
'リービー',0.7518796992481203
'ＢＤＡ',0.7518796992481203
'破壊',0.7518796992481203
'公算',0.7518796992481203
'帳簿',0.7518796992481203
'組対費',0.7518796992481203
'あっさり',0.7518796992481203
'保坂',0.7518796992481203
'展人',0.7518796992481203
'意気込む',0.7518796992481203
'県議',0.7518796992481203
'応対',0.7518796992481203
'ハト',0.7518796992481203
'変身',0.7518796992481203
'援護',0.7518796992481203
'飛び回る',0.7518796992481203
'先鋒',0.7518796992481203
'せんぽう',0.7518796992481203
'仕掛ける',0.7518796992481203
'黙る',0.7518796992481203
'一理',0.7518796992481203
'朋',0.7518796992481203
'辰',0.7518796992481203
'８８',0.7518796992481203
'南港',0.7518796992481203
'さきしま',0.7518796992481203
'コスモスクエア',0.7518796992481203
'北港',0.7518796992481203
'まいしま',0.7518796992481203
'ゆめしま',0.7518796992481203
'７７５',0.7518796992481203
'ヘクタール',0.7518796992481203
'リーディング',0.7518796992481203
'９４',0.7518796992481203
'太平洋',0.7518796992481203
'ＡＴＣ',0.7518796992481203
'ＷＴＣ',0.7518796992481203
'ふれあう',0.7518796992481203
'アリーナ',0.7518796992481203
'ベースボール',0.7518796992481203
'スタジアム',0.7518796992481203
'スポーツ',0.7518796992481203
'アイランド',0.7518796992481203
'中長期',0.7518796992481203
'エリア',0.7518796992481203
'分野',0.7518796992481203
'好調だ',0.7518796992481203
'馬車',0.7518796992481203
'わずかだ',0.7518796992481203
'特需',0.7518796992481203
'無くなる',0.7518796992481203
'樊綱',0.7518796992481203
'半値',0.7518796992481203
'面積',0.7518796992481203
'乗用車',0.7518796992481203
'波及',0.7518796992481203
'９５兆',0.7518796992481203
'膨れる',0.7518796992481203
'あがる',0.7518796992481203
'衣替え',0.7518796992481203
'刺激',0.7518796992481203
'３万３０００',0.7518796992481203
'国保',0.7518796992481203
'証',0.7518796992481203
'助長',0.7518796992481203
'木造',0.7518796992481203
'キラーパルス',0.7518796992481203
'中越',0.7518796992481203
'甚大だ',0.7518796992481203
'引き起こす',0.7518796992481203
'古村',0.7518796992481203
'孝志',0.7518796992481203
'０・３',0.7518796992481203
'非常だ',0.7518796992481203
'短',0.7518796992481203
'小刻みだ',0.7518796992481203
'キラー',0.7518796992481203
'パルス',0.7518796992481203
'紅葉',0.7518796992481203
'黄葉',0.7518796992481203
'冷える',0.7518796992481203
'カエデ',0.7518796992481203
'平年',0.7518796992481203
'盛る',0.7518796992481203
'偏西風',0.7518796992481203
'蛇行',0.7518796992481203
'寒気',0.7518796992481203
'真',0.7518796992481203
'低温',0.7518796992481203
'知広',0.7518796992481203
'１１万６０００',0.7518796992481203
'３５万８０００',0.7518796992481203
'入場',0.7518796992481203
'７０００万',0.7518796992481203
'見極め',0.7518796992481203
'協賛',0.7518796992481203
'回り',0.7518796992481203
'一義的だ',0.7518796992481203
'有する',0.7518796992481203
'５キロ',0.7518796992481203
'ＰＡＺ',0.7518796992481203
'３０キロ',0.7518796992481203
'ＵＰＺ',0.7518796992481203
'甲状腺',0.7518796992481203
'ＰＰＡ',0.7518796992481203
'素',0.7518796992481203
'中西',0.7518796992481203
'拓司',0.7518796992481203
'パナソニック',0.7518796992481203
'三洋電機',0.7518796992481203
'大和',0.7518796992481203
'ＳＭＢＣ',0.7518796992481203
'ゴールドマン',0.7518796992481203
'サックス',0.7518796992481203
'透明だ',0.7518796992481203
'三洋',0.7518796992481203
'買い',0.7518796992481203
'付け',0.7518796992481203
'ＴＯＢ',0.7518796992481203
'久田',0.7518796992481203
'宏',0.7518796992481203
'判',0.7518796992481203
'部下',0.7518796992481203
'幸姫',0.7518796992481203
'ゆきひ',0.7518796992481203
'葬儀',0.7518796992481203
'由紀',0.7518796992481203
'花澤',0.7518796992481203
'故',0.7518796992481203
'日成',0.7518796992481203
'イルソン',0.7518796992481203
'生誕',0.7518796992481203
'周年',0.7518796992481203
'強盛',0.7518796992481203
'大門',0.7518796992481203
'好転',0.7518796992481203
'１００万',0.7518796992481203
'外貨',0.7518796992481203
'自助',0.7518796992481203
'補填',0.7518796992481203
'ほてん',0.7518796992481203
'根本',0.7518796992481203
'内情',0.7518796992481203
'複雑だ',0.7518796992481203
'漆原',0.7518796992481203
'良夫',0.7518796992481203
'やってくる',0.7518796992481203
'ＢＳ',0.7518796992481203
'フジ',0.7518796992481203
'当然だ',0.7518796992481203
'現象',0.7518796992481203
'液晶',0.7518796992481203
'欠点',0.7518796992481203
'長谷川',0.7518796992481203
'祥典',0.7518796992481203
'慣れる',0.7518796992481203
'ユーザー',0.7518796992481203
'ＭＭ',0.7518796992481203
'総研',0.7518796992481203
'英明',0.7518796992481203
'ソフトバンク',0.7518796992481203
'ドコモ',0.7518796992481203
'計り知れない',0.7518796992481203
'カルテ',0.7518796992481203
'予期',0.7518796992481203
'６・８',0.7518796992481203
'ベッド',0.7518796992481203
'当たり年',0.7518796992481203
'６３',0.7518796992481203
'２４０',0.7518796992481203
'２１万',0.7518796992481203
'２１０',0.7518796992481203
'推定',0.7518796992481203
'セット',0.7518796992481203
'鹿野',0.7518796992481203
'道彦',0.7518796992481203
'最適だ',0.7518796992481203
'憶測',0.7518796992481203
'乱れ飛ぶ',0.7518796992481203
'電車',0.7518796992481203
'遠心',0.7518796992481203
'見習い',0.7518796992481203
'尋問',0.7518796992481203
'ゆとり',0.7518796992481203
'乱れる',0.7518796992481203
'快速',0.7518796992481203
'すごい',0.7518796992481203
'きつい',0.7518796992481203
'カーブ',0.7518796992481203
'重石',0.7518796992481203
'岳',0.7518796992481203
'井上',0.7518796992481203
'梢',0.7518796992481203
'パリ',0.7518796992481203
'下町',0.7518796992481203
'ル',0.7518796992481203
'フェトゥ',0.7518796992481203
'深鍋',0.7518796992481203
'テラス',0.7518796992481203
'席',0.7518796992481203
'時折',0.7518796992481203
'アテア',0.7518796992481203
'ローラ',0.7518796992481203
'デベスト',0.7518796992481203
'ピエール',0.7518796992481203
'店主',0.7518796992481203
'オリビエ',0.7518796992481203
'コロンブ',0.7518796992481203
'滞在',0.7518796992481203
'コーヒー',0.7518796992481203
'楽しむ',0.7518796992481203
'さっぱり',0.7518796992481203
'出会う',0.7518796992481203
'公的だ',0.7518796992481203
'禁煙',0.7518796992481203
'均質だ',0.7518796992481203
'まっぴら',0.7518796992481203
'冨士夫',0.7518796992481203
'ターゲット',0.7518796992481203
'疲弊',0.7518796992481203
'守れる',0.7518796992481203
'近々',0.7518796992481203
'基幹',0.7518796992481203
'労連',0.7518796992481203
'総連',0.7518796992481203
'実現可能だ',0.7518796992481203
'貴史',0.7518796992481203
'必修',0.7518796992481203
'定員',0.7518796992481203
'不公平だ',0.7518796992481203
'譲渡',0.7518796992481203
'渡',0.7518796992481203
'ＷＢＣ',0.7518796992481203
'名称',0.7518796992481203
'ロゴ',0.7518796992481203
'侍',0.7518796992481203
'篤志',0.7518796992481203
'９２・７',0.7518796992481203
'次回',0.7518796992481203
'必要不可欠だ',0.7518796992481203
'川口',0.7518796992481203
'雅浩',0.7518796992481203
'チェンジ',0.7518796992481203
'街頭',0.7518796992481203
'こぶし',0.7518796992481203
'恥ずかしい',0.7518796992481203
'ドラマ',0.7518796992481203
'パクリ',0.7518796992481203
'すっかり',0.7518796992481203
'賞味',0.7518796992481203
'キャラ',0.7518796992481203
'化粧',0.7518796992481203
'つらい',0.7518796992481203
'茶番',0.7518796992481203
'それでいて',0.7518796992481203
'連日',0.7518796992481203
'読者',0.7518796992481203
'視聴',0.7518796992481203
'やっぱり',0.7518796992481203
'もちろん',0.7518796992481203
'露出',0.7518796992481203
'更新',0.7518796992481203
'移住',0.7518796992481203
'連帯',0.7518796992481203
'文京',0.7518796992481203
'難民',0.7518796992481203
'雄亮',0.7518796992481203
'区間',0.7518796992481203
'平日',0.7518796992481203
'武雄',0.7518796992481203
'佐世保',0.7518796992481203
'わかる',0.7518796992481203
'劣勢だ',0.7518796992481203
'車種',0.7518796992481203
'アクセル',0.7518796992481203
'装備',0.7518796992481203
'急',0.7518796992481203
'鍵',0.7518796992481203
'ネタニヤフ',0.7518796992481203
'和平',0.7518796992481203
'入植',0.7518796992481203
'続行',0.7518796992481203
'除外',0.7518796992481203
'６７',0.7518796992481203
'中東',0.7518796992481203
'占領',0.7518796992481203
'併合',0.7518796992481203
'エルサレム',0.7518796992481203
'書案',0.7518796992481203
'プルサーマル',0.7518796992481203
'６５５',0.7518796992481203
'あらかじめ',0.7518796992481203
'台本',0.7518796992481203
'パネリスト',0.7518796992481203
'骨子',0.7518796992481203
'九電',0.7518796992481203
'動員',0.7518796992481203
'仕込み',0.7518796992481203
'何らか',0.7518796992481203
'結論付ける',0.7518796992481203
'たった',0.7518796992481203
'遊園地',0.7518796992481203
'富士急',0.7518796992481203
'ハイランド',0.7518796992481203
'山梨',0.7518796992481203
'富士吉田',0.7518796992481203
'急行',0.7518796992481203
'湖',0.7518796992481203
'４１キロ',0.7518796992481203
'横内',0.7518796992481203
'正明',0.7518796992481203
'ヒアリング',0.7518796992481203
'並行',0.7518796992481203
'フェリー',0.7518796992481203
'ほっと',0.7518796992481203
'２兆',0.7518796992481203
'あて先',0.7518796992481203
'４７万１５６７',0.7518796992481203
'まとめ',0.7518796992481203
'転入',0.7518796992481203
'ホームレス',0.7518796992481203
'７万３０００',0.7518796992481203
'１兆７７２６億',0.7518796992481203
'貴教',0.7518796992481203
'波津',0.7518796992481203
'冬ごもり',0.7518796992481203
'べ',0.7518796992481203
'仁徳天皇',0.7518796992481203
'弟',0.7518796992481203
'東宮',0.7518796992481203
'譲り',0.7518796992481203
'わに',0.7518796992481203
'献ずる',0.7518796992481203
'即位',0.7518796992481203
'勧める',0.7518796992481203
'論語',0.7518796992481203
'千字文',0.7518796992481203
'たずさえる',0.7518796992481203
'渡来',0.7518796992481203
'やまと',0.7518796992481203
'父',0.7518796992481203
'重',0.7518796992481203
'計る',0.7518796992481203
'半面',0.7518796992481203
'優位だ',0.7518796992481203
'居座る',0.7518796992481203
'突き上げる',0.7518796992481203
'背中合わせ',0.7518796992481203
'岡村',0.7518796992481203
'会頭',0.7518796992481203
'一概に',0.7518796992481203
'同友',0.7518796992481203
'桜井',0.7518796992481203
'正光',0.7518796992481203
'われわれ',0.7518796992481203
'アンバランスだ',0.7518796992481203
'自社',0.7518796992481203
'新浪',0.7518796992481203
'剛史',0.7518796992481203
'にいなみたけし',0.7518796992481203
'ローソン',0.7518796992481203
'１２・６兆',0.7518796992481203
'９・５兆',0.7518796992481203
'安心',0.7518796992481203
'容易だ',0.7518796992481203
'工程',0.7518796992481203
'表',0.7518796992481203
'形骸',0.7518796992481203
'けいがい',0.7518796992481203
'国道',0.7518796992481203
'所在',0.7518796992481203
'送迎',0.7518796992481203
'転機',0.7518796992481203
'ＷＴＯ',0.7518796992481203
'製品',0.7518796992481203
'あふれる',0.7518796992481203
'グローバルだ',0.7518796992481203
'起爆',0.7518796992481203
'摩擦',0.7518796992481203
'独善',0.7518796992481203
'伝統',0.7518796992481203
'中華',0.7518796992481203
'ゆえ',0.7518796992481203
'兆候',0.7518796992481203
'若者',0.7518796992481203
'ナショナリズム',0.7518796992481203
'新卒',0.7518796992481203
'早速',0.7518796992481203
'２０２５万',0.7518796992481203
'生死',0.7518796992481203
'突き止める',0.7518796992481203
'突き',0.7518796992481203
'探し',0.7518796992481203
'１１００万',0.7518796992481203
'７２万',0.7518796992481203
'１１７２万',0.7518796992481203
'１０３０万',0.7518796992481203
'ねんきん',0.7518796992481203
'閣',0.7518796992481203
'免れる',0.7518796992481203
'すり合わせ',0.7518796992481203
'後任',0.7518796992481203
'物色',0.7518796992481203
'４２２７億',0.7518796992481203
'かんぽ',0.7518796992481203
'下降',0.7518796992481203
'設備',0.7518796992481203
'入室',0.7518796992481203
'マニュアル',0.7518796992481203
'講じる',0.7518796992481203
'アドバイス',0.7518796992481203
'３２００',0.7518796992481203
'奥田',0.7518796992481203
'直之',0.7518796992481203
'際する',0.7518796992481203
'移す',0.7518796992481203
'国分',0.7518796992481203
'３・３兆',0.7518796992481203
'７０００億',0.7518796992481203
'和田',0.7518796992481203
'浩明',0.7518796992481203
'エジプト',0.7518796992481203
'ムバラク',0.7518796992481203
'早朝',0.7518796992481203
'更迭',0.7518796992481203
'恐怖',0.7518796992481203
'許容',0.7518796992481203
'強権',0.7518796992481203
'略奪',0.7518796992481203
'発す',0.7518796992481203
'令',0.7518796992481203
'ＡＦＰ',0.7518796992481203
'潤滑',0.7518796992481203
'おやじ',0.7518796992481203
'スケープ',0.7518796992481203
'ゴート',0.7518796992481203
'何の',0.7518796992481203
'１２７',0.7518796992481203
'３９・６',0.7518796992481203
'１０４',0.7518796992481203
'４０・５',0.7518796992481203
'居室',0.7518796992481203
'押し入れ',0.7518796992481203
'一戸建て',0.7518796992481203
'大がかりだ',0.7518796992481203
'草',0.7518796992481203
'押収',0.7518796992481203
'６３６１',0.7518796992481203
'７３９・２',0.7518796992481203
'７４５１',0.7518796992481203
'１６・８',0.7518796992481203
'５３８４',0.7518796992481203
'１３・１',0.7518796992481203
'１０２',0.7518796992481203
'３４３・５',0.7518796992481203
'１２９',0.7518796992481203
'４１６',0.7518796992481203
'ＭＤＭＡ',0.7518796992481203
'１２６',0.7518796992481203
'５７・１',0.7518796992481203
'５５・９',0.7518796992481203
'リース',0.7518796992481203
'換算',0.7518796992481203
'４万',0.7518796992481203
'石巻',0.7518796992481203
'更に',0.7518796992481203
'ちなみに',0.7518796992481203
'宮古',0.7518796992481203
'清掃',0.7518796992481203
'器具',0.7518796992481203
'付着',0.7518796992481203
'下着',0.7518796992481203
'受払機',0.7518796992481203
'ＡＴＭ',0.7518796992481203
'町田',0.7518796992481203
'徳',0.7518796992481203
'丈',0.7518796992481203
'手術',0.7518796992481203
'病状',0.7518796992481203
'動かせる',0.7518796992481203
'大義',0.7518796992481203
'名分',0.7518796992481203
'頼み',0.7518796992481203
'実力',0.7518796992481203
'小売',0.7518796992481203
'１３０・６',0.7518796992481203
'失効',0.7518796992481203
'２２・３',0.7518796992481203
'値下がり',0.7518796992481203
'２５・１',0.7518796992481203
'昭宏',0.7518796992481203
'正副',0.7518796992481203
'粛々たる',0.7518796992481203
'にじむ',0.7518796992481203
'肉牛',0.7518796992481203
'農林',0.7518796992481203
'野菜',0.7518796992481203
'畜産',0.7518796992481203
'郡山',0.7518796992481203
'民主',0.7372598162071844
'１２',0.7226399331662492
'同じだ',0.7038429406850462
'かねる',0.7038429406850462
'目標',0.7038429406850462
'一般',0.7038429406850462
'公明',0.7038429406850462
'買う',0.6704260651629071
'苦戦',0.6704260651629071
'文書',0.6704260651629071
'それぞれ',0.6704260651629071
'鈴木',0.6704260651629071
'我々',0.6704260651629071
'非難',0.6704260651629071
'大使',0.6704260651629071
'備える',0.6704260651629071
'大国',0.6704260651629071
'宮城',0.6704260651629071
'転換',0.6704260651629071
'代理',0.6704260651629071
'終わる',0.6704260651629071
'狙い',0.6704260651629071
'公務',0.6704260651629071
'保有',0.6704260651629071
'役割',0.6704260651629071
'政界',0.6704260651629071
'禁ずる',0.6704260651629071
'そろえる',0.6704260651629071
'変化',0.6704260651629071
'いえる',0.6704260651629071
'追う',0.6704260651629071
'復帰',0.6704260651629071
'ご',0.6704260651629071
'定期',0.6704260651629071
'いずれ',0.6704260651629071
'納得',0.6704260651629071
'ミス',0.6704260651629071
'建屋',0.6704260651629071
'すぐ',0.6704260651629071
'いつまで',0.6704260651629071
'中立',0.6704260651629071
'銀',0.6704260651629071
'出身',0.6704260651629071
'咲洲',0.6704260651629071
'事情',0.6704260651629071
'０３',0.6704260651629071
'幅',0.6704260651629071
'カ所',0.6704260651629071
'原因',0.6704260651629071
'業',0.6704260651629071
'覚せい',0.6704260651629071
'書記',0.6704260651629071
'比',0.6223893065998332
'０５',0.6223893065998332
'市場',0.6223893065998332
'みる',0.6077694235588975
'本部',0.5889724310776943
'盛り込む',0.5889724310776943
'届く',0.5889724310776943
'判明',0.5889724310776943
'カネ',0.5889724310776943
'周辺',0.5889724310776943
'思惑',0.5889724310776943
'部分',0.5889724310776943
'一体',0.5889724310776943
'投票',0.5889724310776943
'警戒',0.5889724310776943
'室',0.5889724310776943
'徹底',0.5889724310776943
'平均',0.5889724310776943
'由人',0.5889724310776943
'改正',0.5743525480367584
'自民党',0.545112781954888
'減',0.5409356725146202
'政治',0.526315789473685
'組織',0.507518796992481
'現',0.507518796992481
'面',0.507518796992481
'図る',0.507518796992481
'指針',0.507518796992481
'修正',0.507518796992481
'強化',0.507518796992481
'公共',0.507518796992481
'圏',0.507518796992481
'患者',0.507518796992481
'見方',0.507518796992481
'各',0.507518796992481
'三',0.507518796992481
'上がる',0.507518796992481
'グループ',0.507518796992481
'大幅だ',0.507518796992481
'地域',0.507518796992481
'伝える',0.507518796992481
'ため',0.4824561403508767
'政権',0.47827903091060975
'立地',0.47410192147034247
'財界',0.47410192147034247
'秘密だ',0.47410192147034247
'人選',0.47410192147034247
'慰安',0.47410192147034247
'婦',0.47410192147034247
'竹島',0.47410192147034247
'上陸',0.47410192147034247
'構成',0.47410192147034247
'収益',0.47410192147034247
'比較',0.47410192147034247
'道筋',0.47410192147034247
'議決',0.47410192147034247
'注目',0.47410192147034247
'押す',0.47410192147034247
'歯止め',0.47410192147034247
'丹羽',0.47410192147034247
'雄哉',0.47410192147034247
'和歌山',0.47410192147034247
'強いる',0.47410192147034247
'激戦',0.47410192147034247
'望む',0.47410192147034247
'レース',0.47410192147034247
'キャンペーン',0.47410192147034247
'擁立',0.47410192147034247
'なされる',0.47410192147034247
'各省',0.47410192147034247
'提言',0.47410192147034247
'現地',0.47410192147034247
'素案',0.47410192147034247
'痕跡',0.47410192147034247
'４０万',0.47410192147034247
'俊美',0.47410192147034247
'完了',0.47410192147034247
'騒音',0.47410192147034247
'角栄',0.47410192147034247
'従って',0.47410192147034247
'ロイター',0.47410192147034247
'武装',0.47410192147034247
'合同',0.47410192147034247
'天',0.47410192147034247
'塔',0.47410192147034247
'互いに',0.47410192147034247
'何でも',0.47410192147034247
'こういう',0.47410192147034247
'顔ぶれ',0.47410192147034247
'不正だ',0.47410192147034247
'鴨下',0.47410192147034247
'レベル',0.47410192147034247
'最長だ',0.47410192147034247
'見つける',0.47410192147034247
'投げる',0.47410192147034247
'使い',0.47410192147034247
'広島',0.47410192147034247
'群馬',0.47410192147034247
'味',0.47410192147034247
'空気',0.47410192147034247
'混入',0.47410192147034247
'恨み',0.47410192147034247
'立証',0.47410192147034247
'責務',0.47410192147034247
'根拠',0.47410192147034247
'唐突だ',0.47410192147034247
'独断',0.47410192147034247
'言い',0.47410192147034247
'パフォーマンス',0.47410192147034247
'カナダ',0.47410192147034247
'前面',0.47410192147034247
'１５０',0.47410192147034247
'軒',0.47410192147034247
'工業',0.47410192147034247
'絶つ',0.47410192147034247
'授業',0.47410192147034247
'インド',0.47410192147034247
'再燃',0.47410192147034247
'支障',0.47410192147034247
'生々しい',0.47410192147034247
'劇',0.47410192147034247
'薄める',0.47410192147034247
'局長',0.47410192147034247
'迷惑',0.47410192147034247
'苦痛',0.47410192147034247
'治療',0.47410192147034247
'おかしい',0.47410192147034247
'倒産',0.47410192147034247
'円滑だ',0.47410192147034247
'出し',0.47410192147034247
'伸び悩む',0.47410192147034247
'等',0.47410192147034247
'存続',0.47410192147034247
'選定',0.47410192147034247
'ようやく',0.47410192147034247
'賢一',0.47410192147034247
'とれる',0.47410192147034247
'発想',0.47410192147034247
'恩恵',0.47410192147034247
'最初だ',0.47410192147034247
'膨大だ',0.47410192147034247
'連動',0.47410192147034247
'急務',0.47410192147034247
'君',0.47410192147034247
'大いに',0.47410192147034247
'える',0.47410192147034247
'犠牲',0.47410192147034247
'読める',0.47410192147034247
'執筆',0.47410192147034247
'木',0.47410192147034247
'死ぬ',0.47410192147034247
'嫌う',0.47410192147034247
'兵士',0.47410192147034247
'最低だ',0.47410192147034247
'５８',0.47410192147034247
'過ごす',0.47410192147034247
'２０ミリ',0.47410192147034247
'助言',0.47410192147034247
'結論づける',0.47410192147034247
'拓',0.47410192147034247
'とりまとめ',0.47410192147034247
'貸出',0.47410192147034247
'歩調',0.47410192147034247
'控える',0.47410192147034247
'直接',0.47410192147034247
'期生',0.47410192147034247
'驚き',0.47410192147034247
'あれ',0.47410192147034247
'骨抜き',0.47410192147034247
'２８９',0.47410192147034247
'面識',0.47410192147034247
'紹介',0.47410192147034247
'激高',0.47410192147034247
'様子',0.47410192147034247
'詳細だ',0.47410192147034247
'全て',0.47410192147034247
'契機',0.47410192147034247
'やり取り',0.47410192147034247
'殺害',0.47410192147034247
'佐渡',0.47410192147034247
'とき',0.47410192147034247
'農薬',0.47410192147034247
'整える',0.47410192147034247
'ドジョウ',0.47410192147034247
'兵庫',0.47410192147034247
'７１',0.47410192147034247
'生息',0.47410192147034247
'准教授',0.47410192147034247
'崩れる',0.47410192147034247
'教訓',0.47410192147034247
'意義',0.47410192147034247
'四国',0.47410192147034247
'連',0.47410192147034247
'徳島',0.47410192147034247
'高知',0.47410192147034247
'苦しむ',0.47410192147034247
'建てる',0.47410192147034247
'替える',0.47410192147034247
'大衆',0.47410192147034247
'未曽有だ',0.47410192147034247
'スペース',0.47410192147034247
'イタリア',0.47410192147034247
'成す',0.47410192147034247
'史上',0.47410192147034247
'珍しい',0.47410192147034247
'ゼネコン',0.47410192147034247
'身',0.47410192147034247
'させる',0.47410192147034247
'整理',0.47410192147034247
'崩壊',0.47410192147034247
'５５',0.47410192147034247
'……',0.47410192147034247
'吹き飛ぶ',0.47410192147034247
'喪失',0.47410192147034247
'プール',0.47410192147034247
'消防',0.47410192147034247
'到着',0.47410192147034247
'限度',0.47410192147034247
'あたり',0.47410192147034247
'四川',0.47410192147034247
'安い',0.47410192147034247
'高級だ',0.47410192147034247
'低迷',0.47410192147034247
'ほど遠い',0.47410192147034247
'基調',0.47410192147034247
'転ずる',0.47410192147034247
'漁船',0.47410192147034247
'着目',0.47410192147034247
'昨夏',0.47410192147034247
'もつ',0.47410192147034247
'辞める',0.47410192147034247
'中枢',0.47410192147034247
'封じる',0.47410192147034247
'釈明',0.47410192147034247
'航海',0.47410192147034247
'海上',0.47410192147034247
'クラブ',0.47410192147034247
'兼務',0.47410192147034247
'広まる',0.47410192147034247
'リゾート',0.47410192147034247
'軽視',0.47410192147034247
'課す',0.47410192147034247
'大平',0.47410192147034247
'森',0.47410192147034247
'喜朗',0.47410192147034247
'４７',0.47410192147034247
'３９',0.47410192147034247
'８５',0.47410192147034247
'８７',0.47410192147034247
'有無',0.47410192147034247
'是非',0.47410192147034247
'関東',0.47410192147034247
'内外',0.47410192147034247
'資本',0.47410192147034247
'積む',0.47410192147034247
'日報',0.47410192147034247
'チェック',0.47410192147034247
'取材',0.47410192147034247
'昼',0.47410192147034247
'重野',0.47410192147034247
'安正',0.47410192147034247
'上京',0.47410192147034247
'公然たる',0.47410192147034247
'数億',0.47410192147034247
'有す',0.47410192147034247
'そのまま',0.47410192147034247
'田辺',0.47410192147034247
'一城',0.47410192147034247
'ゾーン',0.47410192147034247
'ワールド',0.47410192147034247
'ビルディング',0.47410192147034247
'港',0.47410192147034247
'館',0.47410192147034247
'オープン',0.47410192147034247
'物流',0.47410192147034247
'付加',0.47410192147034247
'巨大だ',0.47410192147034247
'相乗',0.47410192147034247
'伸び',0.47410192147034247
'鈍化',0.47410192147034247
'市区',0.47410192147034247
'解析',0.47410192147034247
'南',0.47410192147034247
'大陸',0.47410192147034247
'並み',0.47410192147034247
'気象',0.47410192147034247
'天候',0.47410192147034247
'ＰＲ',0.47410192147034247
'起因',0.47410192147034247
'または',0.47410192147034247
'収束',0.47410192147034247
'予防',0.47410192147034247
'ヨウ',0.47410192147034247
'活用',0.47410192147034247
'保留',0.47410192147034247
'買収',0.47410192147034247
'児童',0.47410192147034247
'野口',0.47410192147034247
'キム',0.47410192147034247
'登場',0.47410192147034247
'稼ぎ',0.47410192147034247
'はずだ',0.47410192147034247
'チャンス',0.47410192147034247
'尊重',0.47410192147034247
'分かれる',0.47410192147034247
'画面',0.47410192147034247
'それほど',0.47410192147034247
'合併',0.47410192147034247
'入院',0.47410192147034247
'戸別',0.47410192147034247
'核心',0.47410192147034247
'政調会',0.47410192147034247
'垣内',0.47410192147034247
'停車',0.47410192147034247
'鉄道',0.47410192147034247
'史',0.47410192147034247
'楽しい',0.47410192147034247
'次第に',0.47410192147034247
'新聞',0.47410192147034247
'私的だ',0.47410192147034247
'根幹',0.47410192147034247
'労組',0.47410192147034247
'観点',0.47410192147034247
'くすぶる',0.47410192147034247
'耕平',0.47410192147034247
'募集',0.47410192147034247
'例年',0.47410192147034247
'清水',0.47410192147034247
'健二',0.47410192147034247
'ジャパン',0.47410192147034247
'引き下げ',0.47410192147034247
'通話',0.47410192147034247
'消す',0.47410192147034247
'あやかる',0.47410192147034247
'マスコミ',0.47410192147034247
'記述',0.47410192147034247
'匿名',0.47410192147034247
'さらす',0.47410192147034247
'１７７',0.47410192147034247
'連休',0.47410192147034247
'ジャンクション',0.47410192147034247
'長崎',0.47410192147034247
'祝儀',0.47410192147034247
'巻き返し',0.47410192147034247
'切り札',0.47410192147034247
'同時に',0.47410192147034247
'装置',0.47410192147034247
'標準',0.47410192147034247
'運輸',0.47410192147034247
'痛み',0.47410192147034247
'踏み出す',0.47410192147034247
'パレスチナ',0.47410192147034247
'正直',0.47410192147034247
'届',0.47410192147034247
'難',0.47410192147034247
'なれる',0.47410192147034247
'実',0.47410192147034247
'タイミング',0.47410192147034247
'巻く',0.47410192147034247
'見越す',0.47410192147034247
'正',0.47410192147034247
'流動',0.47410192147034247
'流通',0.47410192147034247
'差し引く',0.47410192147034247
'カット',0.47410192147034247
'品川',0.47410192147034247
'勝ち',0.47410192147034247
'組',0.47410192147034247
'いまだに',0.47410192147034247
'固執',0.47410192147034247
'ずつ',0.47410192147034247
'はじめる',0.47410192147034247
'社保',0.47410192147034247
'合わせ',0.47410192147034247
'啓志',0.47410192147034247
'流れ',0.47410192147034247
'傾く',0.47410192147034247
'連結',0.47410192147034247
'ゆうちょ',0.47410192147034247
'手腕',0.47410192147034247
'任期',0.47410192147034247
'講演',0.47410192147034247
'勝つ',0.47410192147034247
'ささやく',0.47410192147034247
'カメラ',0.47410192147034247
'防犯',0.47410192147034247
'作り',0.47410192147034247
'使途',0.47410192147034247
'西田',0.47410192147034247
'進一郎',0.47410192147034247
'未明',0.47410192147034247
'国営',0.47410192147034247
'公',0.47410192147034247
'怒り',0.47410192147034247
'襲撃',0.47410192147034247
'全土',0.47410192147034247
'突出',0.47410192147034247
'え',0.47410192147034247
'大半',0.47410192147034247
'摘発',0.47410192147034247
'合成',0.47410192147034247
'麻薬',0.47410192147034247
'余力',0.47410192147034247
'仮設',0.47410192147034247
'１万６０００',0.47410192147034247
'吸引',0.47410192147034247
'ＤＮＡ',0.47410192147034247
'検出',0.47410192147034247
'逃走',0.47410192147034247
'コントロール',0.47410192147034247
'求心',0.47410192147034247
'局面',0.47410192147034247
'バレル',0.47410192147034247
'１２０',0.47410192147034247
'ラジオ',0.47410192147034247
'今さら',0.47410192147034247
'果物',0.47410192147034247
'決める',0.4594820384294067
'成立',0.4594820384294067
'震災',0.42606516290726804
'沖縄',0.42606516290726804
'連合',0.42606516290726804
'方向',0.42606516290726804
'要請',0.42606516290726804
'役員',0.42606516290726804
'費',0.42606516290726804
'東京電力',0.39264828738512936
'中断',0.39264828738512936
'名前',0.39264828738512936
'相手',0.39264828738512936
'次第',0.39264828738512936
'オウム',0.39264828738512936
'構想',0.39264828738512936
'―',0.39264828738512936
'共通',0.39264828738512936
'印象',0.39264828738512936
'浮上',0.39264828738512936
'かなり',0.39264828738512936
'平和だ',0.39264828738512936
'老朽',0.39264828738512936
'現実',0.39264828738512936
'先進',0.39264828738512936
'リーダー',0.39264828738512936
'会場',0.39264828738512936
'当面',0.39264828738512936
'報酬',0.39264828738512936
'比べる',0.39264828738512936
'返済',0.39264828738512936
'先端',0.39264828738512936
'３５',0.39264828738512936
'こそ',0.39264828738512936
'繰り返す',0.39264828738512936
'最も',0.39264828738512936
'行く',0.39264828738512936
'３６',0.39264828738512936
'確定',0.39264828738512936
'Ａ',0.39264828738512936
'迎える',0.39264828738512936
'接触',0.39264828738512936
'答弁',0.39264828738512936
'大臣',0.39264828738512936
'示唆',0.39264828738512936
'発展',0.39264828738512936
'見極める',0.39264828738512936
'ピーク',0.39264828738512936
'世帯',0.39264828738512936
'冬',0.39264828738512936
'焦点',0.39264828738512936
'部長',0.39264828738512936
'つくる',0.39264828738512936
'選手',0.39264828738512936
'討論',0.39264828738512936
'完全だ',0.39264828738512936
'業者',0.39264828738512936
'希望',0.39264828738512936
'岩手',0.39264828738512936
'使う',0.34461152882205504
'国防',0.3111946532999166
'立つ',0.3111946532999166
'送り',0.3111946532999166
'どこ',0.3111946532999166
'主義',0.3111946532999166
'高校',0.3111946532999166
'にくい',0.3111946532999166
'分裂',0.3111946532999166
'携帯',0.3111946532999166
'逮捕',0.3111946532999166
'方式',0.3111946532999166
'融資',0.3111946532999166
'審議',0.22974101921470336
'産業',0.22974101921470336
'救済',0.22974101921470336
'基づく',0.22974101921470336
'挙げる',0.22974101921470336
'困難だ',0.22974101921470336
'混乱',0.22974101921470336
'票',0.22974101921470336
'近い',0.22974101921470336
'作る',0.22974101921470336
'仙谷',0.22974101921470336
'指摘',0.21512113617376727
'噴出',0.19632414369256468
'名目',0.19632414369256468
'対話',0.19632414369256468
'李',0.19632414369256468
'最悪だ',0.19632414369256468
'進出',0.19632414369256468
'売る',0.19632414369256468
'ころ',0.19632414369256468
'動機',0.19632414369256468
'推測',0.19632414369256468
'強制',0.19632414369256468
'人物',0.19632414369256468
'起用',0.19632414369256468
'埼玉',0.19632414369256468
'真理',0.19632414369256468
'急速だ',0.19632414369256468
'噴き出す',0.19632414369256468
'屋',0.19632414369256468
'み',0.19632414369256468
'伸也',0.19632414369256468
'帯',0.19632414369256468
'演習',0.19632414369256468
'グアム',0.19632414369256468
'関西',0.19632414369256468
'滑走',0.19632414369256468
'路',0.19632414369256468
'朝日',0.19632414369256468
'あと',0.19632414369256468
'アサド',0.19632414369256468
'さらだ',0.19632414369256468
'渡航',0.19632414369256468
'リード',0.19632414369256468
'やめる',0.19632414369256468
'手段',0.19632414369256468
'４２',0.19632414369256468
'豪志',0.19632414369256468
'差',0.19632414369256468
'引き続く',0.19632414369256468
'３７',0.19632414369256468
'広げる',0.19632414369256468
'締結',0.19632414369256468
'法律',0.19632414369256468
'違法だ',0.19632414369256468
'行為',0.19632414369256468
'提起',0.19632414369256468
'中部',0.19632414369256468
'浜岡',0.19632414369256468
'延期',0.19632414369256468
'ちょっと',0.19632414369256468
'蓮舫',0.19632414369256468
'剛腕',0.19632414369256468
'包む',0.19632414369256468
'再選',0.19632414369256468
'もはや',0.19632414369256468
'域',0.19632414369256468
'ギリシャ',0.19632414369256468
'破綻',0.19632414369256468
'通貨',0.19632414369256468
'不発',0.19632414369256468
'純一郎',0.19632414369256468
'戻す',0.19632414369256468
'緊張',0.19632414369256468
'入り',0.19632414369256468
'レーダー',0.19632414369256468
'試験',0.19632414369256468
'ずれる',0.19632414369256468
'表れる',0.19632414369256468
'携わる',0.19632414369256468
'新しい',0.19632414369256468
'誤る',0.19632414369256468
'まったく',0.19632414369256468
'５０００',0.19632414369256468
'方面',0.19632414369256468
'そもそも',0.19632414369256468
'移動',0.19632414369256468
'署名',0.19632414369256468
'減税',0.19632414369256468
'充実',0.19632414369256468
'アンケート',0.19632414369256468
'考慮',0.19632414369256468
'見積もる',0.19632414369256468
'自由だ',0.19632414369256468
'そろう',0.19632414369256468
'白川',0.19632414369256468
'両立',0.19632414369256468
'代わり',0.19632414369256468
'陣営',0.19632414369256468
'前川',0.19632414369256468
'多額だ',0.19632414369256468
'動物',0.19632414369256468
'永田',0.19632414369256468
'動植物',0.19632414369256468
'比嘉',0.19632414369256468
'洋',0.19632414369256468
'一緒だ',0.19632414369256468
'実効',0.19632414369256468
'こちら',0.19632414369256468
'ばかりだ',0.19632414369256468
'模様',0.19632414369256468
'世紀',0.19632414369256468
'アメリカ',0.19632414369256468
'遂げる',0.19632414369256468
'まい',0.19632414369256468
'原資',0.19632414369256468
'あらゆる',0.19632414369256468
'崩す',0.19632414369256468
'諸',0.19632414369256468
'新生',0.19632414369256468
'圧倒',0.19632414369256468
'長年',0.19632414369256468
'水素',0.19632414369256468
'容器',0.19632414369256468
'露呈',0.19632414369256468
'学会',0.19632414369256468
'各地',0.19632414369256468
'実情',0.19632414369256468
'賃金',0.19632414369256468
'操業',0.19632414369256468
'まだ',0.19632414369256468
'省エネ',0.19632414369256468
'経費',0.19632414369256468
'軽い',0.19632414369256468
'至上',0.19632414369256468
'就く',0.19632414369256468
'裏',0.19632414369256468
'宣言',0.19632414369256468
'つもり',0.19632414369256468
'突きつける',0.19632414369256468
'宮沢',0.19632414369256468
'７９',0.19632414369256468
'移行',0.19632414369256468
'きちんと',0.19632414369256468
'中小',0.19632414369256468
'モデル',0.19632414369256468
'作家',0.19632414369256468
'扱う',0.19632414369256468
'きる',0.19632414369256468
'かかわる',0.19632414369256468
'どういう',0.19632414369256468
'腹',0.19632414369256468
'射撃',0.19632414369256468
'盤',0.19632414369256468
'調べ',0.19632414369256468
'代理人',0.19632414369256468
'主だ',0.19632414369256468
'集中',0.19632414369256468
'実行',0.19632414369256468
'地区',0.19632414369256468
'交流',0.19632414369256468
'完成',0.19632414369256468
'招致',0.19632414369256468
'ケタ',0.19632414369256468
'中学生',0.19632414369256468
'難色',0.19632414369256468
'返す',0.19632414369256468
'一転',0.19632414369256468
'ＳＰＥＥＤＩ',0.19632414369256468
'生年月日',0.19632414369256468
'パソコン',0.19632414369256468
'茂',0.19632414369256468
'毎年',0.19632414369256468
'ずっと',0.19632414369256468
'大介',0.19632414369256468
'愛',0.19632414369256468
'症',0.19632414369256468
'手前',0.19632414369256468
'数十',0.19632414369256468
'大変',0.19632414369256468
'事',0.19632414369256468
'忘れる',0.19632414369256468
'怖い',0.19632414369256468
'ダイヤ',0.19632414369256468
'気分',0.19632414369256468
'たばこ',0.19632414369256468
'怒る',0.19632414369256468
'人々',0.19632414369256468
'鉄鋼',0.19632414369256468
'増し',0.19632414369256468
'盛り上がる',0.19632414369256468
'坂口',0.19632414369256468
'静香',0.19632414369256468
'十分だ',0.19632414369256468
'失言',0.19632414369256468
'損害',0.19632414369256468
'賠償',0.19632414369256468
'着工',0.19632414369256468
'応募',0.19632414369256468
'企画',0.19632414369256468
'看板',0.19632414369256468
'残念だ',0.19632414369256468
'多発',0.19632414369256468
'漢字',0.19632414369256468
'ローン',0.19632414369256468
'政局',0.19632414369256468
'選択',0.19632414369256468
'排除',0.19632414369256468
'思えば',0.19632414369256468
'台帳',0.19632414369256468
'照合',0.19632414369256468
'要する',0.19632414369256468
'誰',0.19632414369256468
'便',0.19632414369256468
'行使',0.19632414369256468
'馨',0.19632414369256468
'伸晃',0.19632414369256468
'前倒し',0.19632414369256468
'ばかり',0.19632414369256468
'充てる',0.19632414369256468
'創設',0.19632414369256468
'死者',0.19632414369256468
'し',0.19632414369256468
'油',0.19632414369256468
'敬称',0.19632414369256468
'略',0.19632414369256468
'毎週',0.19632414369256468
'土曜日',0.19632414369256468
'晃一',0.19632414369256468
'題字',0.19632414369256468
'新川',0.19632414369256468
'晴風',0.19632414369256468
'５２',0.19632414369256468
'引き出す',0.19632414369256468
'幸男',0.19632414369256468
'展望',0.19632414369256468
'太田',0.19632414369256468
'瑞穂',0.19632414369256468
'水産',0.19632414369256468
'働きかける',0.19632414369256468
'――',0.18170426065162903
'感',0.14828738512949036
'０７',0.14828738512949036
'場合',0.1336675020885547
'ら',0.1190476190476204
'最後だ',0.11487050960735168
'正式だ',0.11487050960735168
'明言',0.11487050960735168
'人工',0.11487050960735168
'付ける',0.11487050960735168
'逆だ',0.11487050960735168
'０２',0.11487050960735168
'毎日新聞',0.11487050960735168
'教授',0.11487050960735168
'務める',0.11487050960735168
'なか',0.11487050960735168
'決まる',0.11487050960735168
'はっきり',0.11487050960735168
'カ国',0.11487050960735168
'めぐる',0.11487050960735168
'掲載',0.11487050960735168
'踏まえる',0.11487050960735168
'適用',0.11487050960735168
'温室',0.11487050960735168
'温暖だ',0.11487050960735168
'売り',0.11487050960735168
'思い',0.11487050960735168
'債務',0.11487050960735168
'長い',0.11487050960735168
'中旬',0.11487050960735168
'次期',0.11487050960735168
'西川',0.11487050960735168
'足並み',0.11487050960735168
'未',0.11487050960735168
'存在',0.11487050960735168
'２３',0.11487050960735168
'失う',0.11487050960735168
'用',0.11487050960735168
'上回る',0.11487050960735168
'上げる',0.11487050960735168
'低下',0.11487050960735168
'不安だ',0.11487050960735168
'亀井',0.11487050960735168
'従う',0.11487050960735168
'ガソリン',0.11487050960735168
'解決',0.11487050960735168
'ポスト',0.11487050960735168
'保証',0.11487050960735168
'サービス',0.11487050960735168
'妥協',0.11487050960735168
'製造',0.11487050960735168
'人口',0.11487050960735168
'仕事',0.11487050960735168
'男性',0.11487050960735168
'整う',0.11487050960735168
'頭',0.11487050960735168
'内閣',0.10025062656641559
'菅',0.10025062656641559
'関連',0.06683375104427736
'提出',0.06683375104427736
'得る',0.052213868003342156
'土地',0.03341687552213868
'明確だ',0.03341687552213868
'今月',0.03341687552213868
'両',0.03341687552213868
'特別',0.03341687552213868
'拒否',0.03341687552213868
'相次ぐ',0.03341687552213868
'手当',0.03341687552213868
'何',0.03341687552213868
'減らす',0.03341687552213868
'炉',0.03341687552213868
'死亡',0.03341687552213868
'決断',0.03341687552213868
'１',0.027151211361733374
'米国',0.018796992481203034
