'の',729.3233082706766
'、',724.812030075188
'。',509.77443609022555
'は',497.74436090225566
'を',482.70676691729324
'する',458.6466165413534
'に',445.1127819548872
'と',400.7518796992481
'が',382.70676691729324
'「',221.05263157894737
'」',221.05263157894737
'で',214.28571428571428
'ない',141.35338345864662
'いる',140.6015037593985
'も',137.593984962406
'（',119.54887218045113
'）',119.54887218045113
'だ',110.52631578947368
'　',103.7593984962406
'れる',79.69924812030075
'など',75.93984962406014
'者',66.16541353383458
'年',65.41353383458646
'から',64.66165413533835
'こと',63.909774436090224
'日',63.1578947368421
'ある',57.142857142857146
'なる',56.390977443609025
'月',54.88721804511278
'や',52.63157894736842
'氏',45.86466165413534
'人',44.3609022556391
'しかし',43.609022556390975
'いう',43.609022556390975
'日本',41.35338345864662
'首相',36.090225563909776
'的だ',34.58646616541353
'性',33.83458646616541
'１',33.08270676691729
'一方',32.330827067669176
'円',32.330827067669176
'・',30.827067669172934
'へ',30.075187969924812
'つく',29.32330827067669
'られる',28.571428571428573
'できる',27.81954887218045
'国',27.81954887218045
'内',27.06766917293233
'％',27.06766917293233
'ため',26.31578947368421
'小沢',25.56390977443609
'よる',24.81203007518797
'３',24.81203007518797
'まで',24.06015037593985
'か',24.06015037593985
'【',23.30827067669173
'】',23.30827067669173
'２',23.30827067669173
'政府',22.55639097744361
'省',22.55639097744361
'県',21.804511278195488
'相',21.05263157894737
'会',19.548872180451127
'選挙',19.548872180451127
'同',19.548872180451127
'金融',18.796992481203006
'約',18.796992481203006
'元',18.796992481203006
'代表',18.045112781954888
'自民党',18.045112781954888
'化',18.045112781954888
'国民',18.045112781954888
'党',18.045112781954888
'議員',18.045112781954888
'この',17.293233082706767
'法',17.293233082706767
'求める',17.293233082706767
'中国',17.293233082706767
'長',16.541353383458645
'５',16.541353383458645
'可能だ',16.541353383458645
'案',16.541353383458645
'後',15.789473684210526
'くる',15.789473684210526
'区',15.789473684210526
'さん',15.789473684210526
'側',15.037593984962406
'だけ',15.037593984962406
'対する',15.037593984962406
'民主党',15.037593984962406
'候補',15.037593984962406
'せる',15.037593984962406
'力',14.285714285714286
'問題',14.285714285714286
'ら',14.285714285714286
'７',14.285714285714286
'衆院',14.285714285714286
'今回',14.285714285714286
'出る',14.285714285714286
'参加',14.285714285714286
'関係',13.533834586466165
'政策',13.533834586466165
'政権',13.533834586466165
'示す',13.533834586466165
'おる',13.533834586466165
'のだ',13.533834586466165
'選',13.533834586466165
'支持',13.533834586466165
'でも',13.533834586466165
'年度',13.533834586466165
'１０',12.781954887218046
'その',12.781954887218046
'幹部',12.781954887218046
'説明',12.781954887218046
'検討',12.781954887218046
'外',12.781954887218046
'受ける',12.781954887218046
'４',12.781954887218046
'批判',12.030075187969924
'認める',12.030075187969924
'対象',12.030075187969924
'担当',12.030075187969924
'件',12.030075187969924
'新',11.278195488721805
'１２',11.278195488721805
'第',11.278195488721805
'中',11.278195488721805
'必要だ',11.278195488721805
'高い',11.278195488721805
'行う',11.278195488721805
'参院',11.278195488721805
'時間',11.278195488721805
'委員',10.526315789473685
'強い',10.526315789473685
'先',10.526315789473685
'さらに',10.526315789473685
'庁',10.526315789473685
'８',10.526315789473685
'言う',10.526315789473685
'率',10.526315789473685
'税',10.526315789473685
'政治',10.526315789473685
'ぬ',10.526315789473685
'基準',10.526315789473685
'出す',10.526315789473685
'よう',10.526315789473685
'容疑',10.526315789473685
'効果',10.526315789473685
'声',10.526315789473685
'価格',10.526315789473685
'原発',9.774436090225564
'上',9.774436090225564
'得る',9.774436090225564
'これ',9.774436090225564
'経済',9.774436090225564
'評価',9.774436090225564
'被害',9.774436090225564
'金',9.774436090225564
'みる',9.774436090225564
'対策',9.774436090225564
'導入',9.774436090225564
'以降',9.774436090225564
'診療',9.774436090225564
'思う',9.774436090225564
'昨年',9.022556390977444
'強調',9.022556390977444
'ただす',9.022556390977444
'改革',9.022556390977444
'６',9.022556390977444
'幹事',9.022556390977444
'場合',9.022556390977444
'大',9.022556390977444
'米',9.022556390977444
'決議',9.022556390977444
'措置',9.022556390977444
'〜',9.022556390977444
'取る',9.022556390977444
'比例',9.022556390977444
'病院',9.022556390977444
'分',9.022556390977444
'実施',9.022556390977444
'原子',8.270676691729323
'事故',8.270676691729323
'今年',8.270676691729323
'北朝鮮',8.270676691729323
'述べる',8.270676691729323
'海外',8.270676691729323
'１１',8.270676691729323
'程度',8.270676691729323
'判断',8.270676691729323
'財務',8.270676691729323
'与党',8.270676691729323
'前',8.270676691729323
'大阪',8.270676691729323
'以上',8.270676691729323
'指摘',8.270676691729323
'調査',8.270676691729323
'たい',8.270676691729323
'今',8.270676691729323
'計画',8.270676691729323
'全国',8.270676691729323
'規定',8.270676691729323
'研究',8.270676691729323
'指示',8.270676691729323
'状況',8.270676691729323
'込む',8.270676691729323
'公明党',8.270676691729323
'始める',8.270676691729323
'人事',8.270676691729323
'会議',7.518796992481203
'現在',7.518796992481203
'９',7.518796992481203
'核',7.518796992481203
'資金',7.518796992481203
'今後',7.518796992481203
'財政',7.518796992481203
'事務',7.518796992481203
'所',7.518796992481203
'より',7.518796992481203
'べきだ',7.518796992481203
'改正',7.518796992481203
'結果',7.518796992481203
'一',7.518796992481203
'歳',7.518796992481203
'２５',7.518796992481203
'向ける',7.518796992481203
'新ただ',7.518796992481203
'情報',7.518796992481203
'機',7.518796992481203
'また',7.518796992481203
'それ',7.518796992481203
'影響',7.518796992481203
'数',7.518796992481203
'加盟',7.518796992481203
'自民',7.518796992481203
'懸念',7.518796992481203
'米国',7.518796992481203
'スーチー',7.518796992481203
'記録',7.518796992481203
'続ける',7.518796992481203
'弁護',7.518796992481203
'士',7.518796992481203
'姿勢',6.7669172932330826
'資産',6.7669172932330826
'企業',6.7669172932330826
'証拠',6.7669172932330826
'ようだ',6.7669172932330826
'内閣',6.7669172932330826
'しかも',6.7669172932330826
'労働',6.7669172932330826
'法案',6.7669172932330826
'責任',6.7669172932330826
'意見',6.7669172932330826
'機関',6.7669172932330826
'かかる',6.7669172932330826
'実験',6.7669172932330826
'制裁',6.7669172932330826
'事業',6.7669172932330826
'多い',6.7669172932330826
'話す',6.7669172932330826
'削減',6.7669172932330826
'『',6.7669172932330826
'菅',6.7669172932330826
'』',6.7669172932330826
'予算',6.7669172932330826
'対応',6.7669172932330826
'不',6.7669172932330826
'報告',6.7669172932330826
'地震',6.7669172932330826
'１００',6.7669172932330826
'社長',6.7669172932330826
'道路',6.7669172932330826
'投資',6.015037593984962
'見通し',6.015037593984962
'決める',6.015037593984962
'日銀',6.015037593984962
'だが',6.015037593984962
'段階',6.015037593984962
'全',6.015037593984962
'１５',6.015037593984962
'制度',6.015037593984962
'記者',6.015037593984962
'会見',6.015037593984962
'延長',6.015037593984962
'成立',6.015037593984962
'持つ',6.015037593984962
'決定',6.015037593984962
'場',6.015037593984962
'一部',6.015037593984962
'変わる',6.015037593984962
'鳩山',6.015037593984962
'発表',6.015037593984962
'国際',6.015037593984962
'国会',6.015037593984962
'軍事',6.015037593984962
'市',6.015037593984962
'石川',6.015037593984962
'とる',6.015037593984962
'再',6.015037593984962
'民主',6.015037593984962
'社',6.015037593984962
'つ',6.015037593984962
'開発',6.015037593984962
'管理',6.015037593984962
'期待',6.015037593984962
'ＮＬＤ',6.015037593984962
'▽',6.015037593984962
'――',6.015037593984962
'電話',6.015037593984962
'医',6.015037593984962
'五輪',6.015037593984962
'増',6.015037593984962
'自治',5.2631578947368425
'体',5.2631578947368425
'計',5.2631578947368425
'小',5.2631578947368425
'やる',5.2631578947368425
'世界',5.2631578947368425
'なら',5.2631578947368425
'協議',5.2631578947368425
'立場',5.2631578947368425
'収支',5.2631578947368425
'もらう',5.2631578947368425
'建設',5.2631578947368425
'点',5.2631578947368425
'記載',5.2631578947368425
'０１',5.2631578947368425
'難しい',5.2631578947368425
'閣僚',5.2631578947368425
'上る',5.2631578947368425
'支給',5.2631578947368425
'３０',5.2631578947368425
'末',5.2631578947368425
'空港',5.2631578947368425
'表明',5.2631578947368425
'郵政',5.2631578947368425
'回復',5.2631578947368425
'府',5.2631578947368425
'１８',5.2631578947368425
'１３',5.2631578947368425
'協力',5.2631578947368425
'暫定',5.2631578947368425
'与える',5.2631578947368425
'もの',5.2631578947368425
'自ら',5.2631578947368425
'そうだ',5.2631578947368425
'０６',5.2631578947368425
'検査',5.2631578947368425
'当初',5.2631578947368425
'方',5.2631578947368425
'時',5.2631578947368425
'派遣',5.2631578947368425
'地方',5.2631578947368425
'総裁',5.2631578947368425
'東京',5.2631578947368425
'業界',5.2631578947368425
'減',5.2631578947368425
'減る',5.2631578947368425
'銀行',5.2631578947368425
'＝',5.2631578947368425
'書',5.2631578947368425
'公約',5.2631578947368425
'安全だ',5.2631578947368425
'放射',5.2631578947368425
'環境',5.2631578947368425
'聴取',5.2631578947368425
'凍結',5.2631578947368425
'いい',5.2631578947368425
'２８',5.2631578947368425
'財源',5.2631578947368425
'ところが',4.511278195488722
'議論',4.511278195488722
'ミサイル',4.511278195488722
'韓国',4.511278195488722
'会談',4.511278195488722
'旧',4.511278195488722
'軍',4.511278195488722
'大統領',4.511278195488722
'貿易',4.511278195488722
'赤字',4.511278195488722
'家',4.511278195488722
'うち',4.511278195488722
'本人',4.511278195488722
'分析',4.511278195488722
'新規だ',4.511278195488722
'多く',4.511278195488722
'事件',4.511278195488722
'中心',4.511278195488722
'質問',4.511278195488722
'結ぶ',4.511278195488722
'地',4.511278195488722
'理解',4.511278195488722
'進める',4.511278195488722
'現行',4.511278195488722
'施設',4.511278195488722
'承認',4.511278195488722
'反',4.511278195488722
'支援',4.511278195488722
'わけだ',4.511278195488722
'最大だ',4.511278195488722
'非',4.511278195488722
'内容',4.511278195488722
'定める',4.511278195488722
'技術',4.511278195488722
'２０',4.511278195488722
'以外',4.511278195488722
'特許',4.511278195488722
'いく',4.511278195488722
'新人',4.511278195488722
'特別だ',4.511278195488722
'見直し',4.511278195488722
'比',4.511278195488722
'料',4.511278195488722
'使う',4.511278195488722
'＜',4.511278195488722
'＞',4.511278195488722
'科',4.511278195488722
'会長',4.511278195488722
'料金',4.511278195488722
'意識',4.511278195488722
'０９',4.511278195488722
'関連',4.511278195488722
'倍',4.511278195488722
'意向',4.511278195488722
'アイヌ',4.511278195488722
'分かる',4.511278195488722
'知事',4.511278195488722
'消費',4.511278195488722
'東',4.511278195488722
'連立',4.511278195488722
'考え',4.511278195488722
'処理',4.511278195488722
'当時',4.511278195488722
'違反',4.511278195488722
'否定',4.511278195488722
'０５',4.511278195488722
'１４',4.511278195488722
'燃料',4.511278195488722
'市場',4.511278195488722
'退陣',4.511278195488722
'業務',4.511278195488722
'提出',4.511278195488722
'舞洲',4.511278195488722
'策定',3.7593984962406015
'ほか',3.7593984962406015
'２７',3.7593984962406015
'福島',3.7593984962406015
'自体',3.7593984962406015
'電力',3.7593984962406015
'会社',3.7593984962406015
'期間',3.7593984962406015
'距離',3.7593984962406015
'発射',3.7593984962406015
'基本',3.7593984962406015
'総合',3.7593984962406015
'経常',3.7593984962406015
'黒字',3.7593984962406015
'拡大',3.7593984962406015
'こうした',3.7593984962406015
'再建',3.7593984962406015
'同じだ',3.7593984962406015
'虚偽',3.7593984962406015
'秘書',3.7593984962406015
'さ',3.7593984962406015
'直接だ',3.7593984962406015
'関与',3.7593984962406015
'起訴',3.7593984962406015
'権',3.7593984962406015
'枠',3.7593984962406015
'厚生',3.7593984962406015
'道',3.7593984962406015
'総額',3.7593984962406015
'代',3.7593984962406015
'会期',3.7593984962406015
'投',3.7593984962406015
'開票',3.7593984962406015
'世論',3.7593984962406015
'入る',3.7593984962406015
'要望',3.7593984962406015
'意味',3.7593984962406015
'震災',3.7593984962406015
'掲げる',3.7593984962406015
'岡田',3.7593984962406015
'防衛',3.7593984962406015
'沖縄',3.7593984962406015
'訓練',3.7593984962406015
'移転',3.7593984962406015
'田中',3.7593984962406015
'期',3.7593984962406015
'連合',3.7593984962406015
'欧州',3.7593984962406015
'体制',3.7593984962406015
'勢力',3.7593984962406015
'んだ',3.7593984962406015
'移植',3.7593984962406015
'カ月',3.7593984962406015
'づくり',3.7593984962406015
'方向',3.7593984962406015
'国連',3.7593984962406015
'例外',3.7593984962406015
'４０',3.7593984962406015
'運転',3.7593984962406015
'申請',3.7593984962406015
'設ける',3.7593984962406015
'明らかだ',3.7593984962406015
'超える',3.7593984962406015
'起こす',3.7593984962406015
'やすい',3.7593984962406015
'外交',3.7593984962406015
'方針',3.7593984962406015
'間',3.7593984962406015
'条約',3.7593984962406015
'警察',3.7593984962406015
'刑事',3.7593984962406015
'要請',3.7593984962406015
'発言',3.7593984962406015
'かねる',3.7593984962406015
'大きな',3.7593984962406015
'目標',3.7593984962406015
'員',3.7593984962406015
'続く',3.7593984962406015
'協会',3.7593984962406015
'感',3.7593984962406015
'つながる',3.7593984962406015
'一般',3.7593984962406015
'戦略',3.7593984962406015
'センター',3.7593984962406015
'優先',3.7593984962406015
'主張',3.7593984962406015
'ながら',3.7593984962406015
'号',3.7593984962406015
'アフガン',3.7593984962406015
'公明',3.7593984962406015
'契約',3.7593984962406015
'成長',3.7593984962406015
'大きい',3.7593984962406015
'０７',3.7593984962406015
'呼ぶ',3.7593984962406015
'知る',3.7593984962406015
'開始',3.7593984962406015
'役員',3.7593984962406015
'確保',3.7593984962406015
'設定',3.7593984962406015
'疑い',3.7593984962406015
'費',3.7593984962406015
'時点',3.7593984962406015
'当たり',3.7593984962406015
'かも',3.7593984962406015
'しれる',3.7593984962406015
'辞任',3.7593984962406015
'不透明だ',3.7593984962406015
'サミット',3.7593984962406015
'過去',3.7593984962406015
'層',3.7593984962406015
'団',3.7593984962406015
'猿橋',3.7593984962406015
'相当だ',3.7593984962406015
'販売',3.7593984962406015
'株主',3.7593984962406015
'雇用',3.7593984962406015
'研修',3.7593984962406015
'上限',3.7593984962406015
'大会',3.7593984962406015
'特定',3.7593984962406015
'トヨタ',3.7593984962406015
'委託',3.7593984962406015
'デモ',3.7593984962406015
'近藤',3.007518796992481
'含む',3.007518796992481
'めど',3.007518796992481
'まとめる',3.007518796992481
'委',3.007518796992481
'推進',3.007518796992481
'集める',3.007518796992481
'開く',3.007518796992481
'２９',3.007518796992481
'会合',3.007518796992481
'審議',3.007518796992481
'組織',3.007518796992481
'事実',3.007518796992481
'弾道',3.007518796992481
'戦',3.007518796992481
'条件',3.007518796992481
'現',3.007518796992481
'改善',3.007518796992481
'名',3.007518796992481
'状態',3.007518796992481
'加える',3.007518796992481
'所得',3.007518796992481
'国債',3.007518796992481
'上昇',3.007518796992481
'購入',3.007518796992481
'触れる',3.007518796992481
'審査',3.007518796992481
'面',3.007518796992481
'供述',3.007518796992481
'武藤',3.007518796992481
'かける',3.007518796992481
'農',3.007518796992481
'産業',3.007518796992481
'救済',3.007518796992481
'基づく',3.007518796992481
'別だ',3.007518796992481
'給付',3.007518796992481
'他',3.007518796992481
'訴える',3.007518796992481
'前後',3.007518796992481
'ごろ',3.007518796992481
'図る',3.007518796992481
'成田',3.007518796992481
'高',3.007518796992481
'準備',3.007518796992481
'合意',3.007518796992481
'週間',3.007518796992481
'権限',3.007518796992481
'調整',3.007518796992481
'チーム',3.007518796992481
'動く',3.007518796992481
'時期',3.007518796992481
'陸上',3.007518796992481
'基地',3.007518796992481
'米軍',3.007518796992481
'挙げる',3.007518796992481
'総',3.007518796992481
'報道',3.007518796992481
'自身',3.007518796992481
'通信',3.007518796992481
'出席',3.007518796992481
'獲得',3.007518796992481
'心',3.007518796992481
'指針',3.007518796992481
'目指す',3.007518796992481
'困難だ',3.007518796992481
'修正',3.007518796992481
'前回',3.007518796992481
'採択',3.007518796992481
'強化',3.007518796992481
'輸出',3.007518796992481
'禁止',3.007518796992481
'限る',3.007518796992481
'限り',3.007518796992481
'１７',3.007518796992481
'稼働',3.007518796992481
'混乱',3.007518796992481
'ＮＣＥＰ',3.007518796992481
'ほとんど',3.007518796992481
'調べる',3.007518796992481
'危険だ',3.007518796992481
'北京',3.007518796992481
'福岡',3.007518796992481
'立候補',3.007518796992481
'票',3.007518796992481
'復活',3.007518796992481
'ケース',3.007518796992481
'九州',3.007518796992481
'起きる',3.007518796992481
'来年',3.007518796992481
'約束',3.007518796992481
'パネル',3.007518796992481
'国土',3.007518796992481
'交通',3.007518796992481
'たち',3.007518796992481
'副',3.007518796992481
'国交',3.007518796992481
'派',3.007518796992481
'同日',3.007518796992481
'夜',3.007518796992481
'感じる',3.007518796992481
'語る',3.007518796992481
'見直す',3.007518796992481
'全廃',3.007518796992481
'公共',3.007518796992481
'子ども',3.007518796992481
'無料',3.007518796992481
'指導',3.007518796992481
'考える',3.007518796992481
'危機',3.007518796992481
'圏',3.007518796992481
'なくなる',3.007518796992481
'市民',3.007518796992481
'１９',3.007518796992481
'テレビ',3.007518796992481
'麻生',3.007518796992481
'役',3.007518796992481
'患者',3.007518796992481
'割',3.007518796992481
'抑制',3.007518796992481
'件数',3.007518796992481
'ただし',3.007518796992481
'見方',3.007518796992481
'公益',3.007518796992481
'法人',3.007518796992481
'有識',3.007518796992481
'認定',3.007518796992481
'解散',3.007518796992481
'改めて',3.007518796992481
'２２',3.007518796992481
'その後',3.007518796992481
'遅れ',3.007518796992481
'高騰',3.007518796992481
'提案',3.007518796992481
'意欲',3.007518796992481
'判決',3.007518796992481
'反発',3.007518796992481
'ボイコット',3.007518796992481
'ＮＤＦ',3.007518796992481
'団体',3.007518796992481
'総務',3.007518796992481
'自分',3.007518796992481
'回',3.007518796992481
'五',3.007518796992481
'各',3.007518796992481
'前向きだ',3.007518796992481
'重視',3.007518796992481
'マニフェスト',3.007518796992481
'作戦',3.007518796992481
'使用',3.007518796992481
'限界',3.007518796992481
'迫る',3.007518796992481
'社会',3.007518796992481
'税率',3.007518796992481
'含める',3.007518796992481
'三',3.007518796992481
'選ぶ',3.007518796992481
'年間',3.007518796992481
'シーベルト',3.007518796992481
'近い',3.007518796992481
'有害だ',3.007518796992481
'過ぎる',3.007518796992481
'利用',3.007518796992481
'上がる',3.007518796992481
'池田',3.007518796992481
'グループ',3.007518796992481
'作る',3.007518796992481
'絶滅',3.007518796992481
'度',3.007518796992481
'種',3.007518796992481
'００',3.007518796992481
'増える',3.007518796992481
'ほしい',3.007518796992481
'開催',3.007518796992481
'４億',3.007518796992481
'経営',3.007518796992481
'社員',3.007518796992481
'お',3.007518796992481
'被告',3.007518796992481
'中堅',3.007518796992481
'要求',3.007518796992481
'形',3.007518796992481
'外国',3.007518796992481
'厳しい',3.007518796992481
'機能',3.007518796992481
'大幅だ',3.007518796992481
'医療',3.007518796992481
'開業',3.007518796992481
'制',3.007518796992481
'交代',3.007518796992481
'コスト',3.007518796992481
'マグロ',3.007518796992481
'下落',3.007518796992481
'握る',3.007518796992481
'線',3.007518796992481
'羽田',3.007518796992481
'整備',3.007518796992481
'地域',3.007518796992481
'初めて',3.007518796992481
'通常',3.007518796992481
'保険',3.007518796992481
'同意',3.007518796992481
'仙谷',3.007518796992481
'最終だ',3.007518796992481
'府警',3.007518796992481
'西',3.007518796992481
'住宅',3.007518796992481
'額',3.007518796992481
'厚労',3.007518796992481
'交付',3.007518796992481
'波',3.007518796992481
'客',3.007518796992481
'交渉',3.007518796992481
'食糧',3.007518796992481
'実現',3.007518796992481
'高速だ',3.007518796992481
'伝える',3.007518796992481
'本',3.007518796992481
'主催',3.007518796992481
'渋滞',3.007518796992481
'運転手',3.007518796992481
'持ち主',3.007518796992481
'大綱',2.255639097744361
'予定',2.255639097744361
'運営',2.255639097744361
'際',2.255639097744361
'朴',2.255639097744361
'ただ',2.255639097744361
'通ずる',2.255639097744361
'前提',2.255639097744361
'首脳',2.255639097744361
'課題',2.255639097744361
'積極',2.255639097744361
'見せる',2.255639097744361
'維持',2.255639097744361
'低い',2.255639097744361
'リスク',2.255639097744361
'土地',2.255639097744361
'提供',2.255639097744361
'踏み込む',2.255639097744361
'不十分だ',2.255639097744361
'明確だ',2.255639097744361
'行政',2.255639097744361
'既に',2.255639097744361
'次官',2.255639097744361
'小泉',2.255639097744361
'現状',2.255639097744361
'茨城',2.255639097744361
'経験',2.255639097744361
'北海道',2.255639097744361
'０８',2.255639097744361
'犯罪',2.255639097744361
'実際',2.255639097744361
'９０',2.255639097744361
'後継',2.255639097744361
'身柄',2.255639097744361
'拘束',2.255639097744361
'正哲',2.255639097744361
'確認',2.255639097744361
'日程',2.255639097744361
'いけない',2.255639097744361
'新党',2.255639097744361
'まま',2.255639097744361
'通り',2.255639097744361
'奪う',2.255639097744361
'位置づける',2.255639097744361
'出先',2.255639097744361
'本部',2.255639097744361
'動かす',2.255639097744361
'目安',2.255639097744361
'追加',2.255639097744361
'英',2.255639097744361
'シュワブ',2.255639097744361
'連携',2.255639097744361
'北沢',2.255639097744361
'移設',2.255639097744361
'嘉手納',2.255639097744361
'隊',2.255639097744361
'盛り込む',2.255639097744361
'国防',2.255639097744361
'官',2.255639097744361
'模索',2.255639097744361
'立つ',2.255639097744361
'親',2.255639097744361
'シリア',2.255639097744361
'正統だ',2.255639097744361
'届く',2.255639097744361
'多様だ',2.255639097744361
'低',2.255639097744361
'ＷＨＯ',2.255639097744361
'臓器',2.255639097744361
'送り',2.255639097744361
'今月',2.255639097744361
'理由',2.255639097744361
'どこ',2.255639097744361
'制限',2.255639097744361
'限',2.255639097744361
'１７１８',2.255639097744361
'章',2.255639097744361
'脅威',2.255639097744361
'条',2.255639097744361
'反対だ',2.255639097744361
'限定',2.255639097744361
'細野',2.255639097744361
'保全',2.255639097744361
'血管',2.255639097744361
'疾患',2.255639097744361
'専門',2.255639097744361
'６０',2.255639097744361
'ところ',2.255639097744361
'松村',2.255639097744361
'欠く',2.255639097744361
'主義',2.255639097744361
'出願',2.255639097744361
'登録',2.255639097744361
'佐賀',2.255639097744361
'両',2.255639097744361
'判明',2.255639097744361
'実態',2.255639097744361
'把握',2.255639097744361
'公認',2.255639097744361
'特別',2.255639097744361
'予想',2.255639097744361
'そんな',2.255639097744361
'優遇',2.255639097744361
'回る',2.255639097744361
'位',2.255639097744361
'処罰',2.255639097744361
'ハードル',2.255639097744361
'連絡',2.255639097744361
'合う',2.255639097744361
'停止',2.255639097744361
'義務',2.255639097744361
'期限',2.255639097744361
'関する',2.255639097744361
'ロシア',2.255639097744361
'拒否',2.255639097744361
'前原',2.255639097744361
'誠司',2.255639097744361
'刷新',2.255639097744361
'確実だ',2.255639097744361
'相次ぐ',2.255639097744361
'天下り',2.255639097744361
'２１',2.255639097744361
'寄せる',2.255639097744361
'手当',2.255639097744361
'高校',2.255639097744361
'共に',2.255639097744361
'発揮',2.255639097744361
'回す',2.255639097744361
'高まる',2.255639097744361
'増加',2.255639097744361
'クラスター',2.255639097744361
'爆弾',2.255639097744361
'番組',2.255639097744361
'だろう',2.255639097744361
'改定',2.255639097744361
'未満',2.255639097744361
'精神',2.255639097744361
'反対',2.255639097744361
'渡辺',2.255639097744361
'障害',2.255639097744361
'費用',2.255639097744361
'抑える',2.255639097744361
'信頼',2.255639097744361
'型',2.255639097744361
'何',2.255639097744361
'既存',2.255639097744361
'税制',2.255639097744361
'しか',2.255639097744361
'カネ',2.255639097744361
'なお',2.255639097744361
'にくい',2.255639097744361
'ステルス',2.255639097744361
'世代',2.255639097744361
'Ｆ',2.255639097744361
'周辺',2.255639097744361
'向け',2.255639097744361
'ｉＰＳ',2.255639097744361
'細胞',2.255639097744361
'所長',2.255639097744361
'待つ',2.255639097744361
'思惑',2.255639097744361
'当たる',2.255639097744361
'分裂',2.255639097744361
'主流',2.255639097744361
'議席',2.255639097744361
'危うい',2.255639097744361
'先住',2.255639097744361
'民族',2.255639097744361
'避ける',2.255639097744361
'展開',2.255639097744361
'打ち出す',2.255639097744361
'複数',2.255639097744361
'会員',2.255639097744361
'側近',2.255639097744361
'部分',2.255639097744361
'解釈',2.255639097744361
'想定',2.255639097744361
'一体',2.255639097744361
'十分',2.255639097744361
'投票',2.255639097744361
'値',2.255639097744361
'線量',2.255639097744361
'携帯',2.255639097744361
'被ばく',2.255639097744361
'見込む',2.255639097744361
'サイト',2.255639097744361
'規制',2.255639097744361
'機会',2.255639097744361
'減らす',2.255639097744361
'警戒',2.255639097744361
'夏',2.255639097744361
'範囲',2.255639097744361
'デフレ',2.255639097744361
'脱却',2.255639097744361
'就任',2.255639097744361
'送る',2.255639097744361
'橋下',2.255639097744361
'ホームページ',2.255639097744361
'公開',2.255639097744361
'実質',2.255639097744361
'トキ',2.255639097744361
'野生',2.255639097744361
'すべて',2.255639097744361
'協定',2.255639097744361
'預金',2.255639097744361
'会計',2.255639097744361
'悪い',2.255639097744361
'室',2.255639097744361
'意図',2.255639097744361
'合理',2.255639097744361
'緊急だ',2.255639097744361
'逮捕',2.255639097744361
'０４',2.255639097744361
'徹底',2.255639097744361
'爆発',2.255639097744361
'炉',2.255639097744361
'消える',2.255639097744361
'死亡',2.255639097744361
'輪番',2.255639097744361
'方式',2.255639097744361
'取り組み',2.255639097744361
'４３',2.255639097744361
'１０万',2.255639097744361
'値上がり',2.255639097744361
'目',2.255639097744361
'漁業',2.255639097744361
'平均',2.255639097744361
'原油',2.255639097744361
'そういう',2.255639097744361
'うえ',2.255639097744361
'事前',2.255639097744361
'解消',2.255639097744361
'５０',2.255639097744361
'振興',2.255639097744361
'安保理',2.255639097744361
'文化',2.255639097744361
'局',2.255639097744361
'剛',2.255639097744361
'融資',2.255639097744361
'及ぶ',2.255639097744361
'陣',2.255639097744361
'取締',2.255639097744361
'由人',2.255639097744361
'現金',2.255639097744361
'不動産',2.255639097744361
'個人',2.255639097744361
'村田',2.255639097744361
'経理',2.255639097744361
'９５',2.255639097744361
'株式',2.255639097744361
'リットル',2.255639097744361
'周期',2.255639097744361
'出展',2.255639097744361
'急増',2.255639097744361
'避難',2.255639097744361
'防護',2.255639097744361
'公平だ',2.255639097744361
'全員',2.255639097744361
'住所',2.255639097744361
'国家',2.255639097744361
'住民',2.255639097744361
'生活',2.255639097744361
'トン',2.255639097744361
'野党',2.255639097744361
'タッチ',2.255639097744361
'床',2.255639097744361
'ブレーキ',2.255639097744361
'カフェ',2.255639097744361
'年齢',2.255639097744361
'決断',2.255639097744361
'先立つ',2.255639097744361
'スポンサー',2.255639097744361
'指数',2.255639097744361
'加入',2.255639097744361
'一致',2.255639097744361
'演説',2.255639097744361
'見る',2.255639097744361
'都',2.255639097744361
'九',2.255639097744361
'電',2.255639097744361
'おく',2.255639097744361
'全体',2.255639097744361
'１兆',2.255639097744361
'車両',2.255639097744361
'受け入れる',2.255639097744361
'剤',2.255639097744361
'６５',2.255639097744361
'総会',2.255639097744361
'上場',2.255639097744361
'都議',2.255639097744361
'騒乱',2.255639097744361
'栽培',2.255639097744361
'酒井',2.255639097744361
'議長',1.5037593984962405
'２６',1.5037593984962405
'東京電力',1.5037593984962405
'中断',1.5037593984962405
'再開',1.5037593984962405
'最後だ',1.5037593984962405
'正式だ',1.5037593984962405
'直す',1.5037593984962405
'明言',1.5037593984962405
'人工',1.5037593984962405
'南北',1.5037593984962405
'応じる',1.5037593984962405
'悪化',1.5037593984962405
'独',1.5037593984962405
'島',1.5037593984962405
'韓',1.5037593984962405
'つつ',1.5037593984962405
'利子',1.5037593984962405
'配当',1.5037593984962405
'差額',1.5037593984962405
'アジア',1.5037593984962405
'転落',1.5037593984962405
'借金',1.5037593984962405
'買う',1.5037593984962405
'支える',1.5037593984962405
'強まる',1.5037593984962405
'付ける',1.5037593984962405
'水谷',1.5037593984962405
'具体',1.5037593984962405
'補う',1.5037593984962405
'問う',1.5037593984962405
'大場',1.5037593984962405
'弘行',1.5037593984962405
'大蔵',1.5037593984962405
'進む',1.5037593984962405
'再編',1.5037593984962405
'名前',1.5037593984962405
'発行',1.5037593984962405
'演出',1.5037593984962405
'逆だ',1.5037593984962405
'厚',1.5037593984962405
'静岡',1.5037593984962405
'行革',1.5037593984962405
'相手',1.5037593984962405
'苦戦',1.5037593984962405
'敗北',1.5037593984962405
'愛知',1.5037593984962405
'次第',1.5037593984962405
'府県',1.5037593984962405
'オウム',1.5037593984962405
'３０億',1.5037593984962405
'同等だ',1.5037593984962405
'有力だ',1.5037593984962405
'入国',1.5037593984962405
'次いで',1.5037593984962405
'０２',1.5037593984962405
'母',1.5037593984962405
'作業',1.5037593984962405
'所信',1.5037593984962405
'速やかだ',1.5037593984962405
'期す',1.5037593984962405
'文書',1.5037593984962405
'毎日新聞',1.5037593984962405
'各社',1.5037593984962405
'政党',1.5037593984962405
'保つ',1.5037593984962405
'早い',1.5037593984962405
'閉会',1.5037593984962405
'す',1.5037593984962405
'それぞれ',1.5037593984962405
'見送る',1.5037593984962405
'復興',1.5037593984962405
'構想',1.5037593984962405
'重い',1.5037593984962405
'被災',1.5037593984962405
'設置',1.5037593984962405
'柱',1.5037593984962405
'―',1.5037593984962405
'断層',1.5037593984962405
'似る',1.5037593984962405
'共通',1.5037593984962405
'活断層',1.5037593984962405
'見解',1.5037593984962405
'鈴木',1.5037593984962405
'康弘',1.5037593984962405
'名古屋',1.5037593984962405
'教授',1.5037593984962405
'クロ',1.5037593984962405
'印象',1.5037593984962405
'ライン',1.5037593984962405
'最',1.5037593984962405
'浮上',1.5037593984962405
'空軍',1.5037593984962405
'台',1.5037593984962405
'全面',1.5037593984962405
'三沢',1.5037593984962405
'戦闘',1.5037593984962405
'外来',1.5037593984962405
'我々',1.5037593984962405
'堅持',1.5037593984962405
'幅広い',1.5037593984962405
'務める',1.5037593984962405
'相当',1.5037593984962405
'９３',1.5037593984962405
'７５',1.5037593984962405
'家族',1.5037593984962405
'なか',1.5037593984962405
'仏',1.5037593984962405
'唯一',1.5037593984962405
'次ぐ',1.5037593984962405
'武器',1.5037593984962405
'連盟',1.5037593984962405
'つながり',1.5037593984962405
'英国',1.5037593984962405
'おごり',1.5037593984962405
'言語',1.5037593984962405
'通じ合う',1.5037593984962405
'言葉',1.5037593984962405
'せい',1.5037593984962405
'かなり',1.5037593984962405
'不足',1.5037593984962405
'不足だ',1.5037593984962405
'以内',1.5037593984962405
'決まる',1.5037593984962405
'はっきり',1.5037593984962405
'一郎',1.5037593984962405
'非難',1.5037593984962405
'カ国',1.5037593984962405
'大使',1.5037593984962405
'対',1.5037593984962405
'憲章',1.5037593984962405
'平和だ',1.5037593984962405
'４１',1.5037593984962405
'科す',1.5037593984962405
'めぐる',1.5037593984962405
'老朽',1.5037593984962405
'能力',1.5037593984962405
'外遊',1.5037593984962405
'容認',1.5037593984962405
'ワシントン',1.5037593984962405
'成果',1.5037593984962405
'論文',1.5037593984962405
'掲載',1.5037593984962405
'すら',1.5037593984962405
'疑問',1.5037593984962405
'気',1.5037593984962405
'大変だ',1.5037593984962405
'備える',1.5037593984962405
'そうした',1.5037593984962405
'大国',1.5037593984962405
'京都',1.5037593984962405
'千葉',1.5037593984962405
'宮城',1.5037593984962405
'当局',1.5037593984962405
'取り組む',1.5037593984962405
'上位',1.5037593984962405
'扱い',1.5037593984962405
'敗れる',1.5037593984962405
'当選',1.5037593984962405
'現実',1.5037593984962405
'増す',1.5037593984962405
'部',1.5037593984962405
'踏まえる',1.5037593984962405
'単独',1.5037593984962405
'転換',1.5037593984962405
'近畿',1.5037593984962405
'引き渡し',1.5037593984962405
'犯',1.5037593984962405
'代理',1.5037593984962405
'適用',1.5037593984962405
'捜査',1.5037593984962405
'時代',1.5037593984962405
'玄海',1.5037593984962405
'正しい',1.5037593984962405
'手続き',1.5037593984962405
'踏む',1.5037593984962405
'終わる',1.5037593984962405
'先進',1.5037593984962405
'温室',1.5037593984962405
'ガス',1.5037593984962405
'数値',1.5037593984962405
'温暖だ',1.5037593984962405
'選択肢',1.5037593984962405
'リーダー',1.5037593984962405
'売り',1.5037593984962405
'原点',1.5037593984962405
'会場',1.5037593984962405
'拮抗',1.5037593984962405
'きっこう',1.5037593984962405
'狙い',1.5037593984962405
'中間',1.5037593984962405
'思い',1.5037593984962405
'無駄だ',1.5037593984962405
'配分',1.5037593984962405
'歩',1.5037593984962405
'住友',1.5037593984962405
'電気',1.5037593984962405
'しがらみ',1.5037593984962405
'温存',1.5037593984962405
'支出',1.5037593984962405
'公務',1.5037593984962405
'野田',1.5037593984962405
'佳彦',1.5037593984962405
'クギ',1.5037593984962405
'刺す',1.5037593984962405
'伴う',1.5037593984962405
'高官',1.5037593984962405
'欠陥',1.5037593984962405
'引く',1.5037593984962405
'事態',1.5037593984962405
'債務',1.5037593984962405
'オスロ',1.5037593984962405
'批准',1.5037593984962405
'当面',1.5037593984962405
'大量だ',1.5037593984962405
'保有',1.5037593984962405
'人道',1.5037593984962405
'そう',1.5037593984962405
'役割',1.5037593984962405
'報酬',1.5037593984962405
'３３００',1.5037593984962405
'３６００',1.5037593984962405
'自己',1.5037593984962405
'負担',1.5037593984962405
'比べる',1.5037593984962405
'がちだ',1.5037593984962405
'医師',1.5037593984962405
'短い',1.5037593984962405
'長い',1.5037593984962405
'城',1.5037593984962405
'さて',1.5037593984962405
'半',1.5037593984962405
'政界',1.5037593984962405
'敵',1.5037593984962405
'若手',1.5037593984962405
'商工',1.5037593984962405
'前年',1.5037593984962405
'連続',1.5037593984962405
'貸し',1.5037593984962405
'返済',1.5037593984962405
'民間',1.5037593984962405
'認可',1.5037593984962405
'１６',1.5037593984962405
'適切だ',1.5037593984962405
'覚悟',1.5037593984962405
'中田',1.5037593984962405
'卓二',1.5037593984962405
'性能',1.5037593984962405
'先端',1.5037593984962405
'流出',1.5037593984962405
'禁ずる',1.5037593984962405
'生産',1.5037593984962405
'中止',1.5037593984962405
'断念',1.5037593984962405
'３５',1.5037593984962405
'軸',1.5037593984962405
'増強',1.5037593984962405
'そろえる',1.5037593984962405
'こそ',1.5037593984962405
'推薦',1.5037593984962405
'材料',1.5037593984962405
'後回し',1.5037593984962405
'ドル',1.5037593984962405
'成功',1.5037593984962405
'変化',1.5037593984962405
'慶応大',1.5037593984962405
'知財',1.5037593984962405
'知的だ',1.5037593984962405
'届け出',1.5037593984962405
'そのもの',1.5037593984962405
'抜き',1.5037593984962405
'制定',1.5037593984962405
'有罪',1.5037593984962405
'猛',1.5037593984962405
'受け皿',1.5037593984962405
'結成',1.5037593984962405
'解党',1.5037593984962405
'願う',1.5037593984962405
'かなう',1.5037593984962405
'背景',1.5037593984962405
'９６',1.5037593984962405
'いえる',1.5037593984962405
'減少',1.5037593984962405
'規模',1.5037593984962405
'詳しい',1.5037593984962405
'由紀夫',1.5037593984962405
'努力',1.5037593984962405
'信念',1.5037593984962405
'簡単だ',1.5037593984962405
'どんな',1.5037593984962405
'塚本',1.5037593984962405
'増税',1.5037593984962405
'繰り返す',1.5037593984962405
'市長',1.5037593984962405
'石原',1.5037593984962405
'賛成',1.5037593984962405
'手法',1.5037593984962405
'置く',1.5037593984962405
'信じる',1.5037593984962405
'兵',1.5037593984962405
'生命',1.5037593984962405
'軽減',1.5037593984962405
'明記',1.5037593984962405
'保障',1.5037593984962405
'中旬',1.5037593984962405
'最も',1.5037593984962405
'次期',1.5037593984962405
'とどまる',1.5037593984962405
'仮定',1.5037593984962405
'計測',1.5037593984962405
'継続',1.5037593984962405
'量',1.5037593984962405
'妥当だ',1.5037593984962405
'物質',1.5037593984962405
'数字',1.5037593984962405
'言える',1.5037593984962405
'柔軟だ',1.5037593984962405
'西川',1.5037593984962405
'バランス',1.5037593984962405
'足並み',1.5037593984962405
'行く',1.5037593984962405
'未',1.5037593984962405
'原則として',1.5037593984962405
'順次',1.5037593984962405
'促す',1.5037593984962405
'歓迎',1.5037593984962405
'二',1.5037593984962405
'追う',1.5037593984962405
'強める',1.5037593984962405
'物価',1.5037593984962405
'顧問',1.5037593984962405
'国政',1.5037593984962405
'ベテラン',1.5037593984962405
'築く',1.5037593984962405
'公職',1.5037593984962405
'組合',1.5037593984962405
'存在',1.5037593984962405
'自宅',1.5037593984962405
'態度',1.5037593984962405
'隠滅',1.5037593984962405
'暮らす',1.5037593984962405
'同様だ',1.5037593984962405
'復帰',1.5037593984962405
'新潟',1.5037593984962405
'生態',1.5037593984962405
'学',1.5037593984962405
'系',1.5037593984962405
'一種',1.5037593984962405
'一気だ',1.5037593984962405
'同士',1.5037593984962405
'秋野',1.5037593984962405
'ご',1.5037593984962405
'農業',1.5037593984962405
'流れる',1.5037593984962405
'２３',1.5037593984962405
'手持ち',1.5037593984962405
'定期',1.5037593984962405
'組む',1.5037593984962405
'３６',1.5037593984962405
'会館',1.5037593984962405
'いずれ',1.5037593984962405
'失う',1.5037593984962405
'共感',1.5037593984962405
'用',1.5037593984962405
'ブランド',1.5037593984962405
'どうして',1.5037593984962405
'納得',1.5037593984962405
'特捜部',1.5037593984962405
'ミス',1.5037593984962405
'隠す',1.5037593984962405
'私',1.5037593984962405
'踏み切る',1.5037593984962405
'慎重だ',1.5037593984962405
'明白だ',1.5037593984962405
'確定',1.5037593984962405
'生じる',1.5037593984962405
'５１',1.5037593984962405
'自動',1.5037593984962405
'建屋',1.5037593984962405
'恐れ',1.5037593984962405
'場所',1.5037593984962405
'１０００',1.5037593984962405
'上回る',1.5037593984962405
'大淀',1.5037593984962405
'すぐ',1.5037593984962405
'上げる',1.5037593984962405
'常務',1.5037593984962405
'理事',1.5037593984962405
'搬送',1.5037593984962405
'海野',1.5037593984962405
'産科',1.5037593984962405
'夜間',1.5037593984962405
'休日',1.5037593984962405
'拠点',1.5037593984962405
'阪神',1.5037593984962405
'古い',1.5037593984962405
'占める',1.5037593984962405
'漁',1.5037593984962405
'短期',1.5037593984962405
'付く',1.5037593984962405
'卸値',1.5037593984962405
'長期',1.5037593984962405
'９７',1.5037593984962405
'水準',1.5037593984962405
'陥る',1.5037593984962405
'猶予',1.5037593984962405
'いつまで',1.5037593984962405
'相場',1.5037593984962405
'最近',1.5037593984962405
'Ａ',1.5037593984962405
'固定',1.5037593984962405
'そこ',1.5037593984962405
'取れる',1.5037593984962405
'広がる',1.5037593984962405
'改選',1.5037593984962405
'迎える',1.5037593984962405
'役職',1.5037593984962405
'論',1.5037593984962405
'接触',1.5037593984962405
'答弁',1.5037593984962405
'聴く',1.5037593984962405
'教える',1.5037593984962405
'大臣',1.5037593984962405
'いろんな',1.5037593984962405
'示唆',1.5037593984962405
'早期',1.5037593984962405
'はず',1.5037593984962405
'谷川',1.5037593984962405
'メーン',1.5037593984962405
'航空',1.5037593984962405
'ビジネス',1.5037593984962405
'地元',1.5037593984962405
'配慮',1.5037593984962405
'課',1.5037593984962405
'低下',1.5037593984962405
'イラン',1.5037593984962405
'物資',1.5037593984962405
'船舶',1.5037593984962405
'８６',1.5037593984962405
'ほぼ',1.5037593984962405
'８２',1.5037593984962405
'深野',1.5037593984962405
'院長',1.5037593984962405
'公正だ',1.5037593984962405
'中立',1.5037593984962405
'院',1.5037593984962405
'風土',1.5037593984962405
'やり',1.5037593984962405
'コメント',1.5037593984962405
'銀',1.5037593984962405
'出身',1.5037593984962405
'木村',1.5037593984962405
'システム',1.5037593984962405
'発動',1.5037593984962405
'メディア',1.5037593984962405
'少なくとも',1.5037593984962405
'不安だ',1.5037593984962405
'紙',1.5037593984962405
'班',1.5037593984962405
'了承',1.5037593984962405
'こぎつける',1.5037593984962405
'みせる',1.5037593984962405
'亀井',1.5037593984962405
'従う',1.5037593984962405
'急だ',1.5037593984962405
'ここ',1.5037593984962405
'山口',1.5037593984962405
'埋め',1.5037593984962405
'立て',1.5037593984962405
'咲洲',1.5037593984962405
'夢洲',1.5037593984962405
'交易',1.5037593984962405
'発展',1.5037593984962405
'基',1.5037593984962405
'トレード',1.5037593984962405
'見極める',1.5037593984962405
'インフラ',1.5037593984962405
'動向',1.5037593984962405
'ピーク',1.5037593984962405
'上海',1.5037593984962405
'以下',1.5037593984962405
'打つ',1.5037593984962405
'来',1.5037593984962405
'概算',1.5037593984962405
'事情',1.5037593984962405
'ガソリン',1.5037593984962405
'軽油',1.5037593984962405
'引取',1.5037593984962405
'将来',1.5037593984962405
'撤廃',1.5037593984962405
'目玉',1.5037593984962405
'上乗せ',1.5037593984962405
'春',1.5037593984962405
'滞納',1.5037593984962405
'世帯',1.5037593984962405
'生',1.5037593984962405
'秒',1.5037593984962405
'冬',1.5037593984962405
'寒い',1.5037593984962405
'異常だ',1.5037593984962405
'万博',1.5037593984962405
'観光',1.5037593984962405
'区域',1.5037593984962405
'焦点',1.5037593984962405
'株',1.5037593984962405
'枚',1.5037593984962405
'少年',1.5037593984962405
'父親',1.5037593984962405
'原本',1.5037593984962405
'コピー',1.5037593984962405
'番号',1.5037593984962405
'記す',1.5037593984962405
'係長',1.5037593984962405
'手書き',1.5037593984962405
'入手',1.5037593984962405
'配給',1.5037593984962405
'解決',1.5037593984962405
'横田',1.5037593984962405
'シャープ',1.5037593984962405
'メール',1.5037593984962405
'端末',1.5037593984962405
'投入',1.5037593984962405
'部長',1.5037593984962405
'ＮＴＴ',1.5037593984962405
'０３',1.5037593984962405
'事象',1.5037593984962405
'ヒヤリ',1.5037593984962405
'ハット',1.5037593984962405
'数百',1.5037593984962405
'役人',1.5037593984962405
'ポスト',1.5037593984962405
'脱線',1.5037593984962405
'東西',1.5037593984962405
'認識',1.5037593984962405
'証言',1.5037593984962405
'喫煙',1.5037593984962405
'特に',1.5037593984962405
'語らう',1.5037593984962405
'官邸',1.5037593984962405
'経団連',1.5037593984962405
'御手洗',1.5037593984962405
'さえ',1.5037593984962405
'幅',1.5037593984962405
'終了',1.5037593984962405
'高木',1.5037593984962405
'つくる',1.5037593984962405
'働き',1.5037593984962405
'別',1.5037593984962405
'大学',1.5037593984962405
'保証',1.5037593984962405
'勤務',1.5037593984962405
'選手',1.5037593984962405
'グッズ',1.5037593984962405
'権利',1.5037593984962405
'ＮＰＢ',1.5037593984962405
'臨時',1.5037593984962405
'支配',1.5037593984962405
'公衆',1.5037593984962405
'サービス',1.5037593984962405
'笑い',1.5037593984962405
'関心',1.5037593984962405
'入管',1.5037593984962405
'ネットワーク',1.5037593984962405
'カ所',1.5037593984962405
'中央',1.5037593984962405
'枝野',1.5037593984962405
'加速',1.5037593984962405
'車',1.5037593984962405
'次',1.5037593984962405
'進行',1.5037593984962405
'巡る',1.5037593984962405
'討論',1.5037593984962405
'仕込む',1.5037593984962405
'シナリオ',1.5037593984962405
'始まる',1.5037593984962405
'富士',1.5037593984962405
'定額',1.5037593984962405
'不明だ',1.5037593984962405
'原因',1.5037593984962405
'変更',1.5037593984962405
'咲く',1.5037593984962405
'花',1.5037593984962405
'王仁',1.5037593984962405
'歌',1.5037593984962405
'百済',1.5037593984962405
'妥協',1.5037593984962405
'口',1.5037593984962405
'製造',1.5037593984962405
'業',1.5037593984962405
'人口',1.5037593984962405
'話',1.5037593984962405
'集まる',1.5037593984962405
'採用',1.5037593984962405
'完全だ',1.5037593984962405
'請負',1.5037593984962405
'業者',1.5037593984962405
'仕事',1.5037593984962405
'年金',1.5037593984962405
'男性',1.5037593984962405
'高齢',1.5037593984962405
'希望',1.5037593984962405
'決算',1.5037593984962405
'整う',1.5037593984962405
'法曹',1.5037593984962405
'カイロ',1.5037593984962405
'混迷',1.5037593984962405
'以来',1.5037593984962405
'外出',1.5037593984962405
'大麻',1.5037593984962405
'人数',1.5037593984962405
'覚せい',1.5037593984962405
'事犯',1.5037593984962405
'密輸',1.5037593984962405
'岩手',1.5037593984962405
'警視',1.5037593984962405
'書記',1.5037593984962405
'切る',1.5037593984962405
'石油',1.5037593984962405
'率分',1.5037593984962405
'提示',1.5037593984962405
'決着',1.5037593984962405
'出荷',1.5037593984962405
'食肉',1.5037593984962405
'頭',1.5037593984962405
'立地',0.7518796992481203
'首長',0.7518796992481203
'財界',0.7518796992481203
'識者',0.7518796992481203
'発足',0.7518796992481203
'燃',0.7518796992481203
'サイクル',0.7518796992481203
'勉強',0.7518796992481203
'称する',0.7518796992481203
'秘密だ',0.7518796992481203
'発覚',0.7518796992481203
'議事',0.7518796992481203
'噴出',0.7518796992481203
'メンバー',0.7518796992481203
'外す',0.7518796992481203
'人選',0.7518796992481203
'衛星',0.7518796992481203
'打ち上げ',0.7518796992481203
'名目',0.7518796992481203
'強行',0.7518796992481203
'挑発',0.7518796992481203
'対話',0.7518796992481203
'従軍',0.7518796992481203
'慰安',0.7518796992481203
'婦',0.7518796992481203
'李',0.7518796992481203
'竹島',0.7518796992481203
'ドクト',0.7518796992481203
'上陸',0.7518796992481203
'最悪だ',0.7518796992481203
'やりとり',0.7518796992481203
'支払う',0.7518796992481203
'構成',0.7518796992481203
'進出',0.7518796992481203
'収益',0.7518796992481203
'１３・３兆',0.7518796992481203
'穴埋め',0.7518796992481203
'定着',0.7518796992481203
'予測',0.7518796992481203
'成り立つ',0.7518796992481203
'さばける',0.7518796992481203
'比較',0.7518796992481203
'信用',0.7518796992481203
'売る',0.7518796992481203
'金利',0.7518796992481203
'道筋',0.7518796992481203
'小倉',0.7518796992481203
'祥徳',0.7518796992481203
'ころ',0.7518796992481203
'言及',0.7518796992481203
'動機',0.7518796992481203
'検察',0.7518796992481203
'乏しい',0.7518796992481203
'消極',0.7518796992481203
'議決',0.7518796992481203
'推測',0.7518796992481203
'見える',0.7518796992481203
'共謀',0.7518796992481203
'強制',0.7518796992481203
'注目',0.7518796992481203
'押す',0.7518796992481203
'橋本',0.7518796992481203
'省庁',0.7518796992481203
'移る',0.7518796992481203
'監督',0.7518796992481203
'削る',0.7518796992481203
'分離',0.7518796992481203
'言い分',0.7518796992481203
'有能だ',0.7518796992481203
'定評',0.7518796992481203
'歯止め',0.7518796992481203
'３０兆',0.7518796992481203
'献策',0.7518796992481203
'緊縮',0.7518796992481203
'人物',0.7518796992481203
'洗練',0.7518796992481203
'起用',0.7518796992481203
'赤城',0.7518796992481203
'徳彦',0.7518796992481203
'額賀',0.7518796992481203
'福志郎',0.7518796992481203
'丹羽',0.7518796992481203
'雄哉',0.7518796992481203
'柳沢',0.7518796992481203
'伯夫',0.7518796992481203
'中馬',0.7518796992481203
'弘毅',0.7518796992481203
'二階',0.7518796992481203
'俊博',0.7518796992481203
'和歌山',0.7518796992481203
'強いる',0.7518796992481203
'埼玉',0.7518796992481203
'激戦',0.7518796992481203
'完敗',0.7518796992481203
'施行',0.7518796992481203
'真理',0.7518796992481203
'教',0.7518796992481203
'支払',0.7518796992481203
'遺族',0.7518796992481203
'望む',0.7518796992481203
'正男',0.7518796992481203
'取りざた',0.7518796992481203
'偽造',0.7518796992481203
'パスポート',0.7518796992481203
'密だ',0.7518796992481203
'レース',0.7518796992481203
'後退',0.7518796992481203
'挙がる',0.7518796992481203
'英姫',0.7518796992481203
'人民',0.7518796992481203
'キャンペーン',0.7518796992481203
'偶像',0.7518796992481203
'擁立',0.7518796992481203
'なされる',0.7518796992481203
'高嶋',0.7518796992481203
'良充',0.7518796992481203
'週',0.7518796992481203
'急速だ',0.7518796992481203
'噴き出す',0.7518796992481203
'屋上',0.7518796992481203
'屋',0.7518796992481203
'架',0.7518796992481203
'あまり',0.7518796992481203
'政府筋',0.7518796992481203
'各省',0.7518796992481203
'政調',0.7518796992481203
'盛り込み',0.7518796992481203
'提言',0.7518796992481203
'み',0.7518796992481203
'理念',0.7518796992481203
'現地',0.7518796992481203
'素案',0.7518796992481203
'あう',0.7518796992481203
'伸也',0.7518796992481203
'小山',0.7518796992481203
'由宇',0.7518796992481203
'変形',0.7518796992481203
'Ｄ',0.7518796992481203
'破砕',0.7518796992481203
'帯',0.7518796992481203
'痕跡',0.7518796992481203
'どう',0.7518796992481203
'島崎',0.7518796992481203
'浦底',0.7518796992481203
'みなす',0.7518796992481203
'４０万',0.7518796992481203
'平野',0.7518796992481203
'俊美',0.7518796992481203
'町',0.7518796992481203
'自衛',0.7518796992481203
'出生',0.7518796992481203
'演習',0.7518796992481203
'大分',0.7518796992481203
'グアム',0.7518796992481203
'組み合わせる',0.7518796992481203
'完了',0.7518796992481203
'海兵',0.7518796992481203
'撤退',0.7518796992481203
'騒音',0.7518796992481203
'青森',0.7518796992481203
'Ｆ１',0.7518796992481203
'関西',0.7518796992481203
'モレル',0.7518796992481203
'履行',0.7518796992481203
'滑走',0.7518796992481203
'路',0.7518796992481203
'兵舎',0.7518796992481203
'仙石',0.7518796992481203
'恭',0.7518796992481203
'朝日',0.7518796992481203
'角栄',0.7518796992481203
'口説く',0.7518796992481203
'渋々',0.7518796992481203
'嫌いだ',0.7518796992481203
'従って',0.7518796992481203
'意',0.7518796992481203
'沿う',0.7518796992481203
'世襲',0.7518796992481203
'威一郎',0.7518796992481203
'死去',0.7518796992481203
'あと',0.7518796992481203
'追悼',0.7518796992481203
'座談',0.7518796992481203
'ロイター',0.7518796992481203
'オランド',0.7518796992481203
'湾岸',0.7518796992481203
'ＧＣＣ',0.7518796992481203
'初',0.7518796992481203
'アサド',0.7518796992481203
'武装',0.7518796992481203
'アラブ',0.7518796992481203
'深い',0.7518796992481203
'レバノン',0.7518796992481203
'イラク',0.7518796992481203
'合同',0.7518796992481203
'ヘイグ',0.7518796992481203
'さらだ',0.7518796992481203
'聖書',0.7518796992481203
'天',0.7518796992481203
'バベル',0.7518796992481203
'塔',0.7518796992481203
'神',0.7518796992481203
'そのような',0.7518796992481203
'企て',0.7518796992481203
'人間',0.7518796992481203
'互いに',0.7518796992481203
'マネー',0.7518796992481203
'何でも',0.7518796992481203
'他人',0.7518796992481203
'こういう',0.7518796992481203
'一因',0.7518796992481203
'らしい',0.7518796992481203
'怪',0.7518796992481203
'自粛',0.7518796992481203
'動き',0.7518796992481203
'顔ぶれ',0.7518796992481203
'力点',0.7518796992481203
'不正だ',0.7518796992481203
'売買',0.7518796992481203
'防止',0.7518796992481203
'渡航',0.7518796992481203
'リード',0.7518796992481203
'鴨下',0.7518796992481203
'やめる',0.7518796992481203
'レベル',0.7518796992481203
'大筋',0.7518796992481203
'貨物',0.7518796992481203
'義務付ける',0.7518796992481203
'手段',0.7518796992481203
'４２',0.7518796992481203
'豪志',0.7518796992481203
'最長だ',0.7518796992481203
'欧',0.7518796992481203
'見つける',0.7518796992481203
'適する',0.7518796992481203
'明かす',0.7518796992481203
'投げる',0.7518796992481203
'医学',0.7518796992481203
'誌',0.7518796992481203
'ランセット',0.7518796992481203
'疫学',0.7518796992481203
'８０',0.7518796992481203
'７５００',0.7518796992481203
'合致',0.7518796992481203
'発症',0.7518796992481203
'差',0.7518796992481203
'同行',0.7518796992481203
'田川',0.7518796992481203
'書き記す',0.7518796992481203
'謙三',0.7518796992481203
'読売',0.7518796992481203
'新聞社刊',0.7518796992481203
'使い',0.7518796992481203
'国境',0.7518796992481203
'深セン',0.7518796992481203
'医者',0.7518796992481203
'広州',0.7518796992481203
'汽車',0.7518796992481203
'飛行機',0.7518796992481203
'寝台',0.7518796992481203
'くれる',0.7518796992481203
'それにしても',0.7518796992481203
'待ちぼうけ',0.7518796992481203
'ひどい',0.7518796992481203
'復交',0.7518796992481203
'儀礼',0.7518796992481203
'振る舞い',0.7518796992481203
'耐える',0.7518796992481203
'広島',0.7518796992481203
'商標',0.7518796992481203
'秋田',0.7518796992481203
'取り消す',0.7518796992481203
'群馬',0.7518796992481203
'公告',0.7518796992481203
'引き続く',0.7518796992481203
'働き掛け',0.7518796992481203
'３７',0.7518796992481203
'女性',0.7518796992481203
'並べる',0.7518796992481203
'底上げ',0.7518796992481203
'余裕',0.7518796992481203
'惜敗',0.7518796992481203
'味',0.7518796992481203
'執行',0.7518796992481203
'空気',0.7518796992481203
'広げる',0.7518796992481203
'極力',0.7518796992481203
'難航',0.7518796992481203
'柳本',0.7518796992481203
'卓治',0.7518796992481203
'山本',0.7518796992481203
'幸三',0.7518796992481203
'両氏',0.7518796992481203
'典型',0.7518796992481203
'ブロック',0.7518796992481203
'猪口',0.7518796992481203
'邦子',0.7518796992481203
'長島',0.7518796992481203
'忠美',0.7518796992481203
'北陸',0.7518796992481203
'信越',0.7518796992481203
'三津枝',0.7518796992481203
'締結',0.7518796992481203
'法律',0.7518796992481203
'混入',0.7518796992481203
'違法だ',0.7518796992481203
'行為',0.7518796992481203
'犯す',0.7518796992481203
'恨み',0.7518796992481203
'犯意',0.7518796992481203
'立証',0.7518796992481203
'全容',0.7518796992481203
'解明',0.7518796992481203
'千代崎',0.7518796992481203
'聖史',0.7518796992481203
'提起',0.7518796992481203
'責務',0.7518796992481203
'運命',0.7518796992481203
'中部',0.7518796992481203
'浜岡',0.7518796992481203
'延期',0.7518796992481203
'法的だ',0.7518796992481203
'根拠',0.7518796992481203
'唐突だ',0.7518796992481203
'場当たり',0.7518796992481203
'独断',0.7518796992481203
'言い',0.7518796992481203
'っ放し',0.7518796992481203
'与野党',0.7518796992481203
'パフォーマンス',0.7518796992481203
'平田',0.7518796992481203
'崇浩',0.7518796992481203
'切れる',0.7518796992481203
'議定書',0.7518796992481203
'１９９０',0.7518796992481203
'気候',0.7518796992481203
'変動',0.7518796992481203
'ＩＰＣＣ',0.7518796992481203
'回避',0.7518796992481203
'カナダ',0.7518796992481203
'課する',0.7518796992481203
'プレー',0.7518796992481203
'シップ',0.7518796992481203
'調和',0.7518796992481203
'頑張る',0.7518796992481203
'もう',0.7518796992481203
'ちょっと',0.7518796992481203
'応援',0.7518796992481203
'いただく',0.7518796992481203
'なんか',0.7518796992481203
'っこ',0.7518796992481203
'長妻',0.7518796992481203
'昭',0.7518796992481203
'蓮舫',0.7518796992481203
'居並ぶ',0.7518796992481203
'前面',0.7518796992481203
'押し出す',0.7518796992481203
'剛腕',0.7518796992481203
'対比',0.7518796992481203
'オープンだ',0.7518796992481203
'馬淵',0.7518796992481203
'澄夫',0.7518796992481203
'拍手',0.7518796992481203
'包む',0.7518796992481203
'１５０',0.7518796992481203
'１２１',0.7518796992481203
'再選',0.7518796992481203
'４１１',0.7518796992481203
'１４２',0.7518796992481203
'会食',0.7518796992481203
'軒',0.7518796992481203
'はしご',0.7518796992481203
'熱い',0.7518796992481203
'上機嫌だ',0.7518796992481203
'仕分け',0.7518796992481203
'乗り出す',0.7518796992481203
'硬直',0.7518796992481203
'工業',0.7518796992481203
'さまざまだ',0.7518796992481203
'抜本',0.7518796992481203
'ＩＢＭ',0.7518796992481203
'二人三脚',0.7518796992481203
'増額',0.7518796992481203
'絶つ',0.7518796992481203
'授業',0.7518796992481203
'もはや',0.7518796992481203
'克服',0.7518796992481203
'インド',0.7518796992481203
'ユーロ',0.7518796992481203
'構造',0.7518796992481203
'各国',0.7518796992481203
'域',0.7518796992481203
'不満だ',0.7518796992481203
'残る',0.7518796992481203
'Ｇ',0.7518796992481203
'ギリシャ',0.7518796992481203
'破綻',0.7518796992481203
'通貨',0.7518796992481203
'基金',0.7518796992481203
'ＩＭＦ',0.7518796992481203
'基盤',0.7518796992481203
'再燃',0.7518796992481203
'１１１',0.7518796992481203
'６６',0.7518796992481203
'支障',0.7518796992481203
'拍車',0.7518796992481203
'不発',0.7518796992481203
'弾',0.7518796992481203
'死傷',0.7518796992481203
'づらい',0.7518796992481203
'純一郎',0.7518796992481203
'皮肉る',0.7518796992481203
'上出来だ',0.7518796992481203
'太郎',0.7518796992481203
'生々しい',0.7518796992481203
'愛憎',0.7518796992481203
'劇',0.7518796992481203
'雲',0.7518796992481203
'いなす',0.7518796992481203
'薄める',0.7518796992481203
'女房',0.7518796992481203
'演ずる',0.7518796992481203
'ヨリ',0.7518796992481203
'戻す',0.7518796992481203
'並',0.7518796992481203
'再診',0.7518796992481203
'超',0.7518796992481203
'３５００',0.7518796992481203
'９９０',0.7518796992481203
'１０８０',0.7518796992481203
'計算',0.7518796992481203
'要件',0.7518796992481203
'洋一郎',0.7518796992481203
'緊張',0.7518796992481203
'塚本正治',0.7518796992481203
'局長',0.7518796992481203
'うつ病',0.7518796992481203
'通院',0.7518796992481203
'迷惑',0.7518796992481203
'苦痛',0.7518796992481203
'治療',0.7518796992481203
'長短',0.7518796992481203
'おかしい',0.7518796992481203
'４万５０００',0.7518796992481203
'伸ばす',0.7518796992481203
'堂々',0.7518796992481203
'雪辱',0.7518796992481203
'ブーム',0.7518796992481203
'片山',0.7518796992481203
'誘い',0.7518796992481203
'属す',0.7518796992481203
'エリート',0.7518796992481203
'入り',0.7518796992481203
'辛酸',0.7518796992481203
'なめる',0.7518796992481203
'初志',0.7518796992481203
'貫徹',0.7518796992481203
'リサーチ',0.7518796992481203
'倒産',0.7518796992481203
'負債',0.7518796992481203
'１０００万',0.7518796992481203
'１５・１',0.7518796992481203
'１０２１',0.7518796992481203
'円滑だ',0.7518796992481203
'出し',0.7518796992481203
'伸び悩む',0.7518796992481203
'緩和',0.7518796992481203
'一時しのぎ',0.7518796992481203
'中井',0.7518796992481203
'正裕',0.7518796992481203
'等',0.7518796992481203
'出入り',0.7518796992481203
'存続',0.7518796992481203
'一層',0.7518796992481203
'レーダー',0.7518796992481203
'探知',0.7518796992481203
'最高だ',0.7518796992481203
'世',0.7518796992481203
'選定',0.7518796992481203
'目出',0.7518796992481203
'殲',0.7518796992481203
'せん',0.7518796992481203
'Ｊ',0.7518796992481203
'試験',0.7518796992481203
'飛行',0.7518796992481203
'新鋭だ',0.7518796992481203
'抑止',0.7518796992481203
'空自',0.7518796992481203
'ゲーツ',0.7518796992481203
'長官',0.7518796992481203
'実戦',0.7518796992481203
'配備',0.7518796992481203
'ずれる',0.7518796992481203
'見積もり',0.7518796992481203
'１億１２００万',0.7518796992481203
'９２億',0.7518796992481203
'ようやく',0.7518796992481203
'兆し',0.7518796992481203
'表れる',0.7518796992481203
'羽鳥',0.7518796992481203
'賢一',0.7518796992481203
'発明',0.7518796992481203
'とれる',0.7518796992481203
'テーマ',0.7518796992481203
'弱点',0.7518796992481203
'携わる',0.7518796992481203
'津',0.7518796992481203
'国肇',0.7518796992481203
'津国',0.7518796992481203
'財産',0.7518796992481203
'新しい',0.7518796992481203
'発想',0.7518796992481203
'恩恵',0.7518796992481203
'最初だ',0.7518796992481203
'誤る',0.7518796992481203
'払う',0.7518796992481203
'ツケ',0.7518796992481203
'膨大だ',0.7518796992481203
'警告',0.7518796992481203
'つづく',0.7518796992481203
'ウタリ',0.7518796992481203
'者懇',0.7518796992481203
'答申',0.7518796992481203
'連動',0.7518796992481203
'出発',0.7518796992481203
'画期的だ',0.7518796992481203
'３４７１',0.7518796992481203
'首都',0.7518796992481203
'小さい',0.7518796992481203
'総意',0.7518796992481203
'くみ取る',0.7518796992481203
'急務',0.7518796992481203
'千々部一好',0.7518796992481203
'邦夫',0.7518796992481203
'君',0.7518796992481203
'実弟',0.7518796992481203
'文芸',0.7518796992481203
'春秋',0.7518796992481203
'大いに',0.7518796992481203
'吼',0.7518796992481203
'ほ',0.7518796992481203
'える',0.7518796992481203
'る',0.7518796992481203
'兄',0.7518796992481203
'まったく',0.7518796992481203
'出世',0.7518796992481203
'欲',0.7518796992481203
'満たす',0.7518796992481203
'犠牲',0.7518796992481203
'とおり',0.7518796992481203
'な',0.7518796992481203
'権力',0.7518796992481203
'だからといって',0.7518796992481203
'読める',0.7518796992481203
'三郎',0.7518796992481203
'ＦＡＸ',0.7518796992481203
'レポート',0.7518796992481203
'５０００',0.7518796992481203
'字',0.7518796992481203
'執筆',0.7518796992481203
'情熱',0.7518796992481203
'注ぐ',0.7518796992481203
'情勢',0.7518796992481203
'方面',0.7518796992481203
'配る',0.7518796992481203
'勝てる',0.7518796992481203
'大村',0.7518796992481203
'秀章',0.7518796992481203
'河村',0.7518796992481203
'たかし',0.7518796992481203
'オリーブ',0.7518796992481203
'木',0.7518796992481203
'広がり',0.7518796992481203
'そもそも',0.7518796992481203
'死ぬ',0.7518796992481203
'嫌だ',0.7518796992481203
'ほど',0.7518796992481203
'嫌う',0.7518796992481203
'維新',0.7518796992481203
'松井',0.7518796992481203
'相いれない',0.7518796992481203
'多々',0.7518796992481203
'公電',0.7518796992481203
'条文',0.7518796992481203
'領土',0.7518796992481203
'備蓄',0.7518796992481203
'移動',0.7518796992481203
'余地',0.7518796992481203
'外務',0.7518796992481203
'署名',0.7518796992481203
'最小だ',0.7518796992481203
'同盟',0.7518796992481203
'兵士',0.7518796992481203
'守る',0.7518796992481203
'阻害',0.7518796992481203
'従来',0.7518796992481203
'東北',0.7518796992481203
'軽',0.7518796992481203
'減税',0.7518796992481203
'年明け',0.7518796992481203
'充実',0.7518796992481203
'最低だ',0.7518796992481203
'よい',0.7518796992481203
'根強い',0.7518796992481203
'調',0.7518796992481203
'結論',0.7518796992481203
'アンケート',0.7518796992481203
'事柄',0.7518796992481203
'その他',0.7518796992481203
'八',0.7518796992481203
'５８',0.7518796992481203
'４６',0.7518796992481203
'屋外',0.7518796992481203
'過ごす',0.7518796992481203
'２０ミリ',0.7518796992481203
'助言',0.7518796992481203
'子供',0.7518796992481203
'行動',0.7518796992481203
'様式',0.7518796992481203
'教職',0.7518796992481203
'線量計',0.7518796992481203
'注文',0.7518796992481203
'結論づける',0.7518796992481203
'半減',0.7518796992481203
'考慮',0.7518796992481203
'毎時',0.7518796992481203
'３・８',0.7518796992481203
'マイクロシーベルト',0.7518796992481203
'見積もる',0.7518796992481203
'今なお',0.7518796992481203
'拓',0.7518796992481203
'急ぐ',0.7518796992481203
'とりまとめ',0.7518796992481203
'表現',0.7518796992481203
'自由だ',0.7518796992481203
'そろう',0.7518796992481203
'成年',0.7518796992481203
'不要だ',0.7518796992481203
'申し出る',0.7518796992481203
'フィルタリング',0.7518796992481203
'すでに',0.7518796992481203
'以後',0.7518796992481203
'貸出',0.7518796992481203
'呼び水',0.7518796992481203
'歩調',0.7518796992481203
'白川',0.7518796992481203
'直人',0.7518796992481203
'交換',0.7518796992481203
'両立',0.7518796992481203
'歩む',0.7518796992481203
'アピール',0.7518796992481203
'兎',0.7518796992481203
'にと',0.7518796992481203
'出動',0.7518796992481203
'控える',0.7518796992481203
'代わり',0.7518796992481203
'据える',0.7518796992481203
'インフレ',0.7518796992481203
'元久',0.7518796992481203
'ノウハウ',0.7518796992481203
'直接',0.7518796992481203
'強固だ',0.7518796992481203
'相原',0.7518796992481203
'主宰',0.7518796992481203
'塾',0.7518796992481203
'期生',0.7518796992481203
'それだけに',0.7518796992481203
'ガールズ',0.7518796992481203
'山尾',0.7518796992481203
'志桜里',0.7518796992481203
'加わる',0.7518796992481203
'陣営',0.7518796992481203
'驚き',0.7518796992481203
'あれ',0.7518796992481203
'世話',0.7518796992481203
'不快だ',0.7518796992481203
'あらわだ',0.7518796992481203
'骨抜き',0.7518796992481203
'徹',0.7518796992481203
'厳格だ',0.7518796992481203
'市議',0.7518796992481203
'府議',0.7518796992481203
'概要',0.7518796992481203
'問い合わせ',0.7518796992481203
'苦情',0.7518796992481203
'取り下げる',0.7518796992481203
'２８９',0.7518796992481203
'６１',0.7518796992481203
'口利き',0.7518796992481203
'前川',0.7518796992481203
'面識',0.7518796992481203
'紹介',0.7518796992481203
'会う',0.7518796992481203
'取り付ける',0.7518796992481203
'想像',0.7518796992481203
'訪ねる',0.7518796992481203
'素っ気ない',0.7518796992481203
'激高',0.7518796992481203
'持ち出す',0.7518796992481203
'包丁',0.7518796992481203
'刺殺',0.7518796992481203
'ぞうきん',0.7518796992481203
'指紋',0.7518796992481203
'ふく',0.7518796992481203
'様子',0.7518796992481203
'詳細だ',0.7518796992481203
'再現',0.7518796992481203
'全て',0.7518796992481203
'契機',0.7518796992481203
'やり取り',0.7518796992481203
'殺害',0.7518796992481203
'空想',0.7518796992481203
'佐渡',0.7518796992481203
'朱鷺',0.7518796992481203
'とき',0.7518796992481203
'郷',0.7518796992481203
'認証',0.7518796992481203
'稲作',0.7518796992481203
'農薬',0.7518796992481203
'化学',0.7518796992481203
'肥料',0.7518796992481203
'冬季',0.7518796992481203
'田',0.7518796992481203
'水',0.7518796992481203
'張る',0.7518796992481203
'小さな',0.7518796992481203
'水路',0.7518796992481203
'整える',0.7518796992481203
'餌',0.7518796992481203
'ドジョウ',0.7518796992481203
'オタマジャクシ',0.7518796992481203
'農法',0.7518796992481203
'兵庫',0.7518796992481203
'豊岡',0.7518796992481203
'コウノトリ',0.7518796992481203
'７１',0.7518796992481203
'産',0.7518796992481203
'繁殖',0.7518796992481203
'羽',0.7518796992481203
'生物',0.7518796992481203
'年月',0.7518796992481203
'多額だ',0.7518796992481203
'９９',0.7518796992481203
'費やす',0.7518796992481203
'危惧',0.7518796992481203
'指定',0.7518796992481203
'動物',0.7518796992481203
'１００２',0.7518796992481203
'生息',0.7518796992481203
'侵入',0.7518796992481203
'地球',0.7518796992481203
'里山',0.7518796992481203
'荒廃',0.7518796992481203
'３０２',0.7518796992481203
'永田',0.7518796992481203
'尚志',0.7518796992481203
'准教授',0.7518796992481203
'動植物',0.7518796992481203
'いつか',0.7518796992481203
'崩れる',0.7518796992481203
'教訓',0.7518796992481203
'意義',0.7518796992481203
'宮地',0.7518796992481203
'佳那子',0.7518796992481203
'比嘉',0.7518796992481203
'洋',0.7518796992481203
'四国',0.7518796992481203
'後援',0.7518796992481203
'資麿',0.7518796992481203
'公造',0.7518796992481203
'励ます',0.7518796992481203
'一緒だ',0.7518796992481203
'当地',0.7518796992481203
'香川',0.7518796992481203
'実効',0.7518796992481203
'視',0.7518796992481203
'鹿児島',0.7518796992481203
'農政',0.7518796992481203
'連',0.7518796992481203
'仲介',0.7518796992481203
'未知だ',0.7518796992481203
'こちら',0.7518796992481203
'ばかりだ',0.7518796992481203
'漏らす',0.7518796992481203
'徳島',0.7518796992481203
'高知',0.7518796992481203
'保守',0.7518796992481203
'苦しむ',0.7518796992481203
'自公',0.7518796992481203
'午後',0.7518796992481203
'事後',0.7518796992481203
'私設',0.7518796992481203
'知裕',0.7518796992481203
'規正',0.7518796992481203
'模様',0.7518796992481203
'世紀',0.7518796992481203
'建てる',0.7518796992481203
'替える',0.7518796992481203
'完工',0.7518796992481203
'わが',0.7518796992481203
'選良',0.7518796992481203
'利便だ',0.7518796992481203
'向上',0.7518796992481203
'大衆',0.7518796992481203
'未曽有だ',0.7518796992481203
'直面',0.7518796992481203
'ガマン',0.7518796992481203
'重役',0.7518796992481203
'真っ先',0.7518796992481203
'新装',0.7518796992481203
'来客',0.7518796992481203
'スペース',0.7518796992481203
'カッシーナ',0.7518796992481203
'イタリア',0.7518796992481203
'ハーマンミラー',0.7518796992481203
'アメリカ',0.7518796992481203
'家具',0.7518796992481203
'並ぶ',0.7518796992481203
'引き出せる',0.7518796992481203
'成す',0.7518796992481203
'遂げる',0.7518796992481203
'史上',0.7518796992481203
'珍しい',0.7518796992481203
'チグハグだ',0.7518796992481203
'ぶり',0.7518796992481203
'まい',0.7518796992481203
'任意だ',0.7518796992481203
'小分け',0.7518796992481203
'一度に',0.7518796992481203
'大金',0.7518796992481203
'目立つ',0.7518796992481203
'原資',0.7518796992481203
'一存',0.7518796992481203
'大久保',0.7518796992481203
'失跡',0.7518796992481203
'ゼネコン',0.7518796992481203
'三重',0.7518796992481203
'桑名',0.7518796992481203
'１億',0.7518796992481203
'渡す',0.7518796992481203
'身',0.7518796992481203
'覚え',0.7518796992481203
'否認',0.7518796992481203
'追及',0.7518796992481203
'あらゆる',0.7518796992481203
'活動',0.7518796992481203
'モラトリアム',0.7518796992481203
'ぜいたくだ',0.7518796992481203
'品',0.7518796992481203
'崩す',0.7518796992481203
'最高裁',0.7518796992481203
'白鳥',0.7518796992481203
'させる',0.7518796992481203
'整理',0.7518796992481203
'司法',0.7518796992481203
'崩壊',0.7518796992481203
'諸',0.7518796992481203
'再審',0.7518796992481203
'裁判',0.7518796992481203
'極めて',0.7518796992481203
'答える',0.7518796992481203
'早業',0.7518796992481203
'２２３',0.7518796992481203
'７０',0.7518796992481203
'新生',0.7518796992481203
'５５',0.7518796992481203
'……',0.7518796992481203
'過半数',0.7518796992481203
'２５６',0.7518796992481203
'割れ',0.7518796992481203
'圧倒',0.7518796992481203
'にもかかわらず',0.7518796992481203
'みすみす',0.7518796992481203
'傍観',0.7518796992481203
'長年',0.7518796992481203
'謎',0.7518796992481203
'水素',0.7518796992481203
'発生',0.7518796992481203
'上部',0.7518796992481203
'吹き飛ぶ',0.7518796992481203
'冷却',0.7518796992481203
'喪失',0.7518796992481203
'翌日',0.7518796992481203
'格納',0.7518796992481203
'容器',0.7518796992481203
'圧力',0.7518796992481203
'プール',0.7518796992481203
'損傷',0.7518796992481203
'朝',0.7518796992481203
'火災',0.7518796992481203
'いったん',0.7518796992481203
'消火',0.7518796992481203
'東電',0.7518796992481203
'現場',0.7518796992481203
'消防',0.7518796992481203
'到着',0.7518796992481203
'限度',0.7518796992481203
'１ミリ',0.7518796992481203
'マイクロ',0.7518796992481203
'あたり',0.7518796992481203
'４００ミリ',0.7518796992481203
'近づく',0.7518796992481203
'奈良',0.7518796992481203
'町立',0.7518796992481203
'妊婦',0.7518796992481203
'転送',0.7518796992481203
'見つかる',0.7518796992481203
'我が国',0.7518796992481203
'脆弱だ',0.7518796992481203
'ぜいじゃくだ',0.7518796992481203
'周産期',0.7518796992481203
'露呈',0.7518796992481203
'政信',0.7518796992481203
'産婦人科',0.7518796992481203
'母体',0.7518796992481203
'信也',0.7518796992481203
'婦人',0.7518796992481203
'学会',0.7518796992481203
'このような',0.7518796992481203
'制約',0.7518796992481203
'一定',0.7518796992481203
'各地',0.7518796992481203
'実情',0.7518796992481203
'合わせる',0.7518796992481203
'淡路',0.7518796992481203
'野島断層',0.7518796992481203
'四川',0.7518796992481203
'眠る',0.7518796992481203
'船主',0.7518796992481203
'賃金',0.7518796992481203
'安い',0.7518796992481203
'乗組員',0.7518796992481203
'雇う',0.7518796992481203
'帳消し',0.7518796992481203
'かつ',0.7518796992481203
'漁協',0.7518796992481203
'操業',0.7518796992481203
'達する',0.7518796992481203
'採算',0.7518796992481203
'はるかだ',0.7518796992481203
'まだ',0.7518796992481203
'見合う',0.7518796992481203
'メバチ',0.7518796992481203
'キハダ',0.7518796992481203
'高級だ',0.7518796992481203
'築地',0.7518796992481203
'低迷',0.7518796992481203
'１キロ',0.7518796992481203
'１５４７',0.7518796992481203
'１２１０',0.7518796992481203
'１３５５',0.7518796992481203
'やや',0.7518796992481203
'ほど遠い',0.7518796992481203
'補てん',0.7518796992481203
'省エネ',0.7518796992481203
'経費',0.7518796992481203
'節減',0.7518796992481203
'肩代わり',0.7518796992481203
'仕組み',0.7518796992481203
'当座',0.7518796992481203
'収入',0.7518796992481203
'取りあえず',0.7518796992481203
'ジレンマ',0.7518796992481203
'断ち切る',0.7518796992481203
'基調',0.7518796992481203
'転ずる',0.7518796992481203
'漁船',0.7518796992481203
'重油',0.7518796992481203
'転嫁',0.7518796992481203
'有効だ',0.7518796992481203
'媒体',0.7518796992481203
'着目',0.7518796992481203
'政情',0.7518796992481203
'締まり',0.7518796992481203
'軽い',0.7518796992481203
'ゆるむ',0.7518796992481203
'至上',0.7518796992481203
'はびこる',0.7518796992481203
'かっこうだ',0.7518796992481203
'ツイッター',0.7518796992481203
'はまる',0.7518796992481203
'昨夏',0.7518796992481203
'代行',0.7518796992481203
'大勝',0.7518796992481203
'導く',0.7518796992481203
'かわす',0.7518796992481203
'主導',0.7518796992481203
'院政',0.7518796992481203
'少し',0.7518796992481203
'もつ',0.7518796992481203
'辞める',0.7518796992481203
'構う',0.7518796992481203
'実務',0.7518796992481203
'担う',0.7518796992481203
'就く',0.7518796992481203
'裏',0.7518796992481203
'中枢',0.7518796992481203
'操る',0.7518796992481203
'必至だ',0.7518796992481203
'なし',0.7518796992481203
'宣言',0.7518796992481203
'封じる',0.7518796992481203
'石破',0.7518796992481203
'厳正だ',0.7518796992481203
'乗員',0.7518796992481203
'防委',0.7518796992481203
'前言',0.7518796992481203
'撤回',0.7518796992481203
'当日',0.7518796992481203
'つもり',0.7518796992481203
'釈明',0.7518796992481203
'航海',0.7518796992481203
'海上',0.7518796992481203
'幕僚',0.7518796992481203
'監部',0.7518796992481203
'海幕',0.7518796992481203
'増田',0.7518796992481203
'好平',0.7518796992481203
'クラブ',0.7518796992481203
'丁寧だ',0.7518796992481203
'拝聴',0.7518796992481203
'兼務',0.7518796992481203
'補充',0.7518796992481203
'広まる',0.7518796992481203
'デメリット',0.7518796992481203
'秀善',0.7518796992481203
'次々',0.7518796992481203
'中川',0.7518796992481203
'秀直',0.7518796992481203
'突きつける',0.7518796992481203
'２２万',0.7518796992481203
'３０万',0.7518796992481203
'リゾート',0.7518796992481203
'路線',0.7518796992481203
'ハブ',0.7518796992481203
'アクセス',0.7518796992481203
'旅客',0.7518796992481203
'乗り',0.7518796992481203
'継ぎ',0.7518796992481203
'格安だ',0.7518796992481203
'ジェット',0.7518796992481203
'専用',0.7518796992481203
'ターミナル',0.7518796992481203
'差別',0.7518796992481203
'あくまで',0.7518796992481203
'軽視',0.7518796992481203
'運用',0.7518796992481203
'先月',0.7518796992481203
'声明',0.7518796992481203
'供給',0.7518796992481203
'阻止',0.7518796992481203
'輸送',0.7518796992481203
'臨検',0.7518796992481203
'課す',0.7518796992481203
'倒れる',0.7518796992481203
'宮沢',0.7518796992481203
'喜一',0.7518796992481203
'除く',0.7518796992481203
'７９',0.7518796992481203
'大平',0.7518796992481203
'正芳',0.7518796992481203
'中曽根',0.7518796992481203
'森',0.7518796992481203
'喜朗',0.7518796992481203
'横ばい',0.7518796992481203
'実証',0.7518796992481203
'すがる',0.7518796992481203
'浮揚',0.7518796992481203
'見あたる',0.7518796992481203
'裏切る',0.7518796992481203
'４７',0.7518796992481203
'３９',0.7518796992481203
'経る',0.7518796992481203
'回答',0.7518796992481203
'無党派',0.7518796992481203
'８５',0.7518796992481203
'８７',0.7518796992481203
'多数',0.7518796992481203
'徹する',0.7518796992481203
'べし',0.7518796992481203
'醸成',0.7518796992481203
'保安',0.7518796992481203
'仮称',0.7518796992481203
'移行',0.7518796992481203
'きちんと',0.7518796992481203
'上層',0.7518796992481203
'有無',0.7518796992481203
'シンポ',0.7518796992481203
'直し',0.7518796992481203
'是非',0.7518796992481203
'第三者',0.7518796992481203
'関東',0.7518796992481203
'晋慈',0.7518796992481203
'たけし',0.7518796992481203
'忌避',0.7518796992481203
'罪',0.7518796992481203
'中小',0.7518796992481203
'特化',0.7518796992481203
'モデル',0.7518796992481203
'異例だ',0.7518796992481203
'妨害',0.7518796992481203
'告発',0.7518796992481203
'作家',0.7518796992481203
'江上',0.7518796992481203
'急きょ',0.7518796992481203
'内外',0.7518796992481203
'ファンド',0.7518796992481203
'資本',0.7518796992481203
'提携',0.7518796992481203
'下',0.7518796992481203
'親密だ',0.7518796992481203
'貸し倒れ',0.7518796992481203
'引当金',0.7518796992481203
'積む',0.7518796992481203
'１８００億',0.7518796992481203
'超過',0.7518796992481203
'自力',0.7518796992481203
'異なる',0.7518796992481203
'扱う',0.7518796992481203
'決済',0.7518796992481203
'機構',0.7518796992481203
'ペイオフ',0.7518796992481203
'ダブルスコア',0.7518796992481203
'ふくらむ',0.7518796992481203
'世間',0.7518796992481203
'成否',0.7518796992481203
'きる',0.7518796992481203
'解す',0.7518796992481203
'結局',0.7518796992481203
'だめだ',0.7518796992481203
'リービー',0.7518796992481203
'朝鮮',0.7518796992481203
'日報',0.7518796992481203
'ＢＤＡ',0.7518796992481203
'版',0.7518796992481203
'破壊',0.7518796992481203
'兵器',0.7518796992481203
'取引',0.7518796992481203
'かかわる',0.7518796992481203
'公算',0.7518796992481203
'常任',0.7518796992481203
'目的',0.7518796992481203
'級',0.7518796992481203
'帳簿',0.7518796992481203
'チェック',0.7518796992481203
'組対費',0.7518796992481203
'公表',0.7518796992481203
'どういう',0.7518796992481203
'取材',0.7518796992481203
'昼',0.7518796992481203
'あっさり',0.7518796992481203
'保坂',0.7518796992481203
'展人',0.7518796992481203
'一任',0.7518796992481203
'重野',0.7518796992481203
'安正',0.7518796992481203
'腹',0.7518796992481203
'固める',0.7518796992481203
'臨む',0.7518796992481203
'意気込む',0.7518796992481203
'県議',0.7518796992481203
'上京',0.7518796992481203
'応対',0.7518796992481203
'ハト',0.7518796992481203
'変身',0.7518796992481203
'援護',0.7518796992481203
'射撃',0.7518796992481203
'違う',0.7518796992481203
'飛び回る',0.7518796992481203
'公然たる',0.7518796992481203
'先鋒',0.7518796992481203
'せんぽう',0.7518796992481203
'盤',0.7518796992481203
'仕掛ける',0.7518796992481203
'黙る',0.7518796992481203
'一理',0.7518796992481203
'調べ',0.7518796992481203
'数億',0.7518796992481203
'有す',0.7518796992481203
'代理人',0.7518796992481203
'主だ',0.7518796992481203
'ＮＯＶＡ',0.7518796992481203
'集中',0.7518796992481203
'そのまま',0.7518796992481203
'実行',0.7518796992481203
'田辺',0.7518796992481203
'一城',0.7518796992481203
'朋',0.7518796992481203
'辰',0.7518796992481203
'８８',0.7518796992481203
'南港',0.7518796992481203
'さきしま',0.7518796992481203
'コスモスクエア',0.7518796992481203
'地区',0.7518796992481203
'北港',0.7518796992481203
'まいしま',0.7518796992481203
'ゆめしま',0.7518796992481203
'７７５',0.7518796992481203
'ヘクタール',0.7518796992481203
'交流',0.7518796992481203
'リーディング',0.7518796992481203
'ゾーン',0.7518796992481203
'９４',0.7518796992481203
'太平洋',0.7518796992481203
'ＡＴＣ',0.7518796992481203
'ワールド',0.7518796992481203
'ビルディング',0.7518796992481203
'ＷＴＣ',0.7518796992481203
'ふれあう',0.7518796992481203
'港',0.7518796992481203
'館',0.7518796992481203
'オープン',0.7518796992481203
'アリーナ',0.7518796992481203
'ベースボール',0.7518796992481203
'スタジアム',0.7518796992481203
'完成',0.7518796992481203
'招致',0.7518796992481203
'失敗',0.7518796992481203
'スポーツ',0.7518796992481203
'アイランド',0.7518796992481203
'物流',0.7518796992481203
'付加',0.7518796992481203
'巨大だ',0.7518796992481203
'街',0.7518796992481203
'中長期',0.7518796992481203
'需要',0.7518796992481203
'エリア',0.7518796992481203
'ケタ',0.7518796992481203
'分野',0.7518796992481203
'好調だ',0.7518796992481203
'徐々に',0.7518796992481203
'馬車',0.7518796992481203
'相乗',0.7518796992481203
'わずかだ',0.7518796992481203
'特需',0.7518796992481203
'無くなる',0.7518796992481203
'樊綱',0.7518796992481203
'バブル',0.7518796992481203
'象徴',0.7518796992481203
'株価',0.7518796992481203
'半値',0.7518796992481203
'天井',0.7518796992481203
'面積',0.7518796992481203
'落ちる',0.7518796992481203
'乗用車',0.7518796992481203
'伸び',0.7518796992481203
'鈍化',0.7518796992481203
'波及',0.7518796992481203
'本格',0.7518796992481203
'９５兆',0.7518796992481203
'膨れる',0.7518796992481203
'あがる',0.7518796992481203
'ムダだ',0.7518796992481203
'衣替え',0.7518796992481203
'視野',0.7518796992481203
'景気',0.7518796992481203
'刺激',0.7518796992481203
'中学生',0.7518796992481203
'無',0.7518796992481203
'子',0.7518796992481203
'３万３０００',0.7518796992481203
'国保',0.7518796992481203
'証',0.7518796992481203
'市区',0.7518796992481203
'町村',0.7518796992481203
'社民',0.7518796992481203
'助長',0.7518796992481203
'難色',0.7518796992481203
'木造',0.7518796992481203
'キラーパルス',0.7518796992481203
'中越',0.7518796992481203
'甚大だ',0.7518796992481203
'建物',0.7518796992481203
'引き起こす',0.7518796992481203
'解析',0.7518796992481203
'防災',0.7518796992481203
'古村',0.7518796992481203
'孝志',0.7518796992481203
'０・３',0.7518796992481203
'非常だ',0.7518796992481203
'短',0.7518796992481203
'小刻みだ',0.7518796992481203
'キラー',0.7518796992481203
'パルス',0.7518796992481203
'少ない',0.7518796992481203
'紅葉',0.7518796992481203
'黄葉',0.7518796992481203
'遅れる',0.7518796992481203
'冷える',0.7518796992481203
'カエデ',0.7518796992481203
'平年',0.7518796992481203
'盛る',0.7518796992481203
'返す',0.7518796992481203
'一転',0.7518796992481203
'偏西風',0.7518796992481203
'南',0.7518796992481203
'蛇行',0.7518796992481203
'大陸',0.7518796992481203
'寒気',0.7518796992481203
'真',0.7518796992481203
'並み',0.7518796992481203
'気象',0.7518796992481203
'低温',0.7518796992481203
'天候',0.7518796992481203
'知広',0.7518796992481203
'出せる',0.7518796992481203
'１１万６０００',0.7518796992481203
'３５万８０００',0.7518796992481203
'入場',0.7518796992481203
'７０００万',0.7518796992481203
'ＰＲ',0.7518796992481203
'見極め',0.7518796992481203
'協賛',0.7518796992481203
'回り',0.7518796992481203
'起因',0.7518796992481203
'または',0.7518796992481203
'放出',0.7518796992481203
'災害',0.7518796992481203
'収束',0.7518796992481203
'一義的だ',0.7518796992481203
'有する',0.7518796992481203
'５キロ',0.7518796992481203
'予防',0.7518796992481203
'ＰＡＺ',0.7518796992481203
'３０キロ',0.7518796992481203
'ＵＰＺ',0.7518796992481203
'甲状腺',0.7518796992481203
'重点',0.7518796992481203
'ＰＰＡ',0.7518796992481203
'ヨウ',0.7518796992481203
'素',0.7518796992481203
'ＳＰＥＥＤＩ',0.7518796992481203
'活用',0.7518796992481203
'方法',0.7518796992481203
'ともに',0.7518796992481203
'保留',0.7518796992481203
'中西',0.7518796992481203
'拓司',0.7518796992481203
'パナソニック',0.7518796992481203
'三洋電機',0.7518796992481203
'買収',0.7518796992481203
'三井',0.7518796992481203
'価値',0.7518796992481203
'処分',0.7518796992481203
'大和',0.7518796992481203
'証券',0.7518796992481203
'ＳＭＢＣ',0.7518796992481203
'ゴールドマン',0.7518796992481203
'サックス',0.7518796992481203
'透明だ',0.7518796992481203
'三洋',0.7518796992481203
'買い',0.7518796992481203
'付け',0.7518796992481203
'ＴＯＢ',0.7518796992481203
'久田',0.7518796992481203
'宏',0.7518796992481203
'判',0.7518796992481203
'回収',0.7518796992481203
'氏名',0.7518796992481203
'生年月日',0.7518796992481203
'パソコン',0.7518796992481203
'部下',0.7518796992481203
'児童',0.7518796992481203
'保護',0.7518796992481203
'幸姫',0.7518796992481203
'ゆきひ',0.7518796992481203
'葬儀',0.7518796992481203
'野口',0.7518796992481203
'由紀',0.7518796992481203
'花澤',0.7518796992481203
'茂',0.7518796992481203
'故',0.7518796992481203
'日成',0.7518796992481203
'キム',0.7518796992481203
'イルソン',0.7518796992481203
'主席',0.7518796992481203
'生誕',0.7518796992481203
'周年',0.7518796992481203
'登場',0.7518796992481203
'強盛',0.7518796992481203
'大門',0.7518796992481203
'好転',0.7518796992481203
'毎年',0.7518796992481203
'１００万',0.7518796992481203
'外貨',0.7518796992481203
'稼ぎ',0.7518796992481203
'部門',0.7518796992481203
'自助',0.7518796992481203
'補填',0.7518796992481203
'ほてん',0.7518796992481203
'はずだ',0.7518796992481203
'根本',0.7518796992481203
'内情',0.7518796992481203
'複雑だ',0.7518796992481203
'漆原',0.7518796992481203
'良夫',0.7518796992481203
'ずっと',0.7518796992481203
'やってくる',0.7518796992481203
'一番',0.7518796992481203
'チャンス',0.7518796992481203
'安倍',0.7518796992481203
'晋三',0.7518796992481203
'ＢＳ',0.7518796992481203
'フジ',0.7518796992481203
'憲法',0.7518796992481203
'当然だ',0.7518796992481203
'大島',0.7518796992481203
'理森',0.7518796992481203
'議会',0.7518796992481203
'尊重',0.7518796992481203
'両党',0.7518796992481203
'分かれる',0.7518796992481203
'ねじれ',0.7518796992481203
'現象',0.7518796992481203
'大介',0.7518796992481203
'愛',0.7518796992481203
'液晶',0.7518796992481203
'画面',0.7518796992481203
'操作',0.7518796992481203
'欠点',0.7518796992481203
'長谷川',0.7518796992481203
'祥典',0.7518796992481203
'ポイント',0.7518796992481203
'慣れる',0.7518796992481203
'ユーザー',0.7518796992481203
'メーカー',0.7518796992481203
'人気',0.7518796992481203
'ＭＭ',0.7518796992481203
'総研',0.7518796992481203
'英明',0.7518796992481203
'ソフトバンク',0.7518796992481203
'それほど',0.7518796992481203
'ドコモ',0.7518796992481203
'計り知れない',0.7518796992481203
'カルテ',0.7518796992481203
'予期',0.7518796992481203
'合併',0.7518796992481203
'症',0.7518796992481203
'入院',0.7518796992481203
'６・８',0.7518796992481203
'ベッド',0.7518796992481203
'当たり年',0.7518796992481203
'６３',0.7518796992481203
'手前',0.7518796992481203
'数十',0.7518796992481203
'例',0.7518796992481203
'２４０',0.7518796992481203
'２１万',0.7518796992481203
'２１０',0.7518796992481203
'推定',0.7518796992481203
'戸別',0.7518796992481203
'補償',0.7518796992481203
'セット',0.7518796992481203
'大変',0.7518796992481203
'重要だ',0.7518796992481203
'核心',0.7518796992481203
'外部',0.7518796992481203
'漏れる',0.7518796992481203
'政調会',0.7518796992481203
'鹿野',0.7518796992481203
'道彦',0.7518796992481203
'最適だ',0.7518796992481203
'憶測',0.7518796992481203
'乱れ飛ぶ',0.7518796992481203
'電車',0.7518796992481203
'垣内',0.7518796992481203
'事',0.7518796992481203
'忘れる',0.7518796992481203
'遠心',0.7518796992481203
'怖い',0.7518796992481203
'見習い',0.7518796992481203
'尋問',0.7518796992481203
'ダイヤ',0.7518796992481203
'ゆとり',0.7518796992481203
'乱れる',0.7518796992481203
'快速',0.7518796992481203
'停車',0.7518796992481203
'駅',0.7518796992481203
'すごい',0.7518796992481203
'きつい',0.7518796992481203
'山崎',0.7518796992481203
'鉄道',0.7518796992481203
'カーブ',0.7518796992481203
'重石',0.7518796992481203
'岳',0.7518796992481203
'史',0.7518796992481203
'井上',0.7518796992481203
'梢',0.7518796992481203
'パリ',0.7518796992481203
'下町',0.7518796992481203
'ル',0.7518796992481203
'フェトゥ',0.7518796992481203
'深鍋',0.7518796992481203
'テラス',0.7518796992481203
'席',0.7518796992481203
'時折',0.7518796992481203
'アテア',0.7518796992481203
'ローラ',0.7518796992481203
'デベスト',0.7518796992481203
'ピエール',0.7518796992481203
'気分',0.7518796992481203
'楽しい',0.7518796992481203
'フランス',0.7518796992481203
'店主',0.7518796992481203
'オリビエ',0.7518796992481203
'コロンブ',0.7518796992481203
'次第に',0.7518796992481203
'滞在',0.7518796992481203
'新聞',0.7518796992481203
'読む',0.7518796992481203
'コーヒー',0.7518796992481203
'たばこ',0.7518796992481203
'楽しむ',0.7518796992481203
'午前',0.7518796992481203
'さっぱり',0.7518796992481203
'怒る',0.7518796992481203
'人々',0.7518796992481203
'出会う',0.7518796992481203
'公的だ',0.7518796992481203
'私的だ',0.7518796992481203
'禁煙',0.7518796992481203
'根幹',0.7518796992481203
'均質だ',0.7518796992481203
'まっぴら',0.7518796992481203
'冨士夫',0.7518796992481203
'ターゲット',0.7518796992481203
'疲弊',0.7518796992481203
'守れる',0.7518796992481203
'近々',0.7518796992481203
'労組',0.7518796992481203
'鉄鋼',0.7518796992481203
'基幹',0.7518796992481203
'労連',0.7518796992481203
'総連',0.7518796992481203
'観点',0.7518796992481203
'実現可能だ',0.7518796992481203
'積み',0.7518796992481203
'増し',0.7518796992481203
'くすぶる',0.7518796992481203
'貴史',0.7518796992481203
'耕平',0.7518796992481203
'必修',0.7518796992481203
'手',0.7518796992481203
'募集',0.7518796992481203
'定員',0.7518796992481203
'例年',0.7518796992481203
'戻る',0.7518796992481203
'清水',0.7518796992481203
'健二',0.7518796992481203
'不公平だ',0.7518796992481203
'譲渡',0.7518796992481203
'渡',0.7518796992481203
'ＷＢＣ',0.7518796992481203
'名称',0.7518796992481203
'ロゴ',0.7518796992481203
'侍',0.7518796992481203
'ジャパン',0.7518796992481203
'篤志',0.7518796992481203
'引き下げ',0.7518796992481203
'通話',0.7518796992481203
'９２・７',0.7518796992481203
'次回',0.7518796992481203
'必要不可欠だ',0.7518796992481203
'値上げ',0.7518796992481203
'川口',0.7518796992481203
'雅浩',0.7518796992481203
'チェンジ',0.7518796992481203
'街頭',0.7518796992481203
'こぶし',0.7518796992481203
'恥ずかしい',0.7518796992481203
'消す',0.7518796992481203
'オバマ',0.7518796992481203
'あやかる',0.7518796992481203
'ドラマ',0.7518796992481203
'パクリ',0.7518796992481203
'すっかり',0.7518796992481203
'賞味',0.7518796992481203
'キャラ',0.7518796992481203
'化粧',0.7518796992481203
'盛り上がる',0.7518796992481203
'つらい',0.7518796992481203
'茶番',0.7518796992481203
'それでいて',0.7518796992481203
'連日',0.7518796992481203
'マスコミ',0.7518796992481203
'読者',0.7518796992481203
'視聴',0.7518796992481203
'やっぱり',0.7518796992481203
'もちろん',0.7518796992481203
'露出',0.7518796992481203
'記述',0.7518796992481203
'削除',0.7518796992481203
'更新',0.7518796992481203
'移住',0.7518796992481203
'連帯',0.7518796992481203
'文京',0.7518796992481203
'匿名',0.7518796992481203
'難民',0.7518796992481203
'さらす',0.7518796992481203
'坂口',0.7518796992481203
'雄亮',0.7518796992481203
'区間',0.7518796992481203
'１７７',0.7518796992481203
'直後',0.7518796992481203
'平日',0.7518796992481203
'連休',0.7518796992481203
'武雄',0.7518796992481203
'ジャンクション',0.7518796992481203
'佐世保',0.7518796992481203
'長崎',0.7518796992481203
'静香',0.7518796992481203
'十分だ',0.7518796992481203
'失言',0.7518796992481203
'祝儀',0.7518796992481203
'わかる',0.7518796992481203
'輿石',0.7518796992481203
'劣勢だ',0.7518796992481203
'巻き返し',0.7518796992481203
'切り札',0.7518796992481203
'車種',0.7518796992481203
'アクセル',0.7518796992481203
'同時に',0.7518796992481203
'装置',0.7518796992481203
'標準',0.7518796992481203
'装備',0.7518796992481203
'所有',0.7518796992481203
'損害',0.7518796992481203
'賠償',0.7518796992481203
'集団',0.7518796992481203
'訴訟',0.7518796992481203
'有利だ',0.7518796992481203
'運輸',0.7518796992481203
'発見',0.7518796992481203
'急',0.7518796992481203
'鍵',0.7518796992481203
'ネタニヤフ',0.7518796992481203
'痛み',0.7518796992481203
'和平',0.7518796992481203
'重大だ',0.7518796992481203
'踏み出す',0.7518796992481203
'パレスチナ',0.7518796992481203
'番',0.7518796992481203
'入植',0.7518796992481203
'着工',0.7518796992481203
'のみ',0.7518796992481203
'続行',0.7518796992481203
'学校',0.7518796992481203
'除外',0.7518796992481203
'６７',0.7518796992481203
'中東',0.7518796992481203
'戦争',0.7518796992481203
'占領',0.7518796992481203
'併合',0.7518796992481203
'エルサレム',0.7518796992481203
'書案',0.7518796992481203
'プルサーマル',0.7518796992481203
'発電',0.7518796992481203
'応募',0.7518796992481203
'６５５',0.7518796992481203
'あらかじめ',0.7518796992481203
'台本',0.7518796992481203
'パネリスト',0.7518796992481203
'骨子',0.7518796992481203
'企画',0.7518796992481203
'九電',0.7518796992481203
'動員',0.7518796992481203
'仕込み',0.7518796992481203
'何らか',0.7518796992481203
'結論付ける',0.7518796992481203
'看板',0.7518796992481203
'たった',0.7518796992481203
'遊園地',0.7518796992481203
'富士急',0.7518796992481203
'ハイランド',0.7518796992481203
'山梨',0.7518796992481203
'富士吉田',0.7518796992481203
'急行',0.7518796992481203
'湖',0.7518796992481203
'４１キロ',0.7518796992481203
'横内',0.7518796992481203
'正明',0.7518796992481203
'ヒアリング',0.7518796992481203
'並行',0.7518796992481203
'残念だ',0.7518796992481203
'フェリー',0.7518796992481203
'正直',0.7518796992481203
'ほっと',0.7518796992481203
'バス',0.7518796992481203
'多発',0.7518796992481203
'要因',0.7518796992481203
'２兆',0.7518796992481203
'あて先',0.7518796992481203
'受給',0.7518796992481203
'４７万１５６７',0.7518796992481203
'まとめ',0.7518796992481203
'あたる',0.7518796992481203
'転入',0.7518796992481203
'届',0.7518796992481203
'ホームレス',0.7518796992481203
'７万３０００',0.7518796992481203
'１兆７７２６億',0.7518796992481203
'貴教',0.7518796992481203
'難',0.7518796992481203
'波津',0.7518796992481203
'冬ごもり',0.7518796992481203
'べ',0.7518796992481203
'仁徳天皇',0.7518796992481203
'かつて',0.7518796992481203
'弟',0.7518796992481203
'東宮',0.7518796992481203
'譲り',0.7518796992481203
'わに',0.7518796992481203
'献ずる',0.7518796992481203
'即位',0.7518796992481203
'勧める',0.7518796992481203
'漢字',0.7518796992481203
'論語',0.7518796992481203
'千字文',0.7518796992481203
'たずさえる',0.7518796992481203
'渡来',0.7518796992481203
'来る',0.7518796992481203
'いきなり',0.7518796992481203
'やまと',0.7518796992481203
'父',0.7518796992481203
'なれる',0.7518796992481203
'重',0.7518796992481203
'ローン',0.7518796992481203
'実',0.7518796992481203
'タイミング',0.7518796992481203
'計る',0.7518796992481203
'那津男',0.7518796992481203
'半面',0.7518796992481203
'信任',0.7518796992481203
'政局',0.7518796992481203
'巻く',0.7518796992481203
'優位だ',0.7518796992481203
'見越す',0.7518796992481203
'特例',0.7518796992481203
'公債',0.7518796992481203
'居座る',0.7518796992481203
'谷垣',0.7518796992481203
'禎一',0.7518796992481203
'突き上げる',0.7518796992481203
'背中合わせ',0.7518796992481203
'岡村',0.7518796992481203
'正',0.7518796992481203
'会頭',0.7518796992481203
'流動',0.7518796992481203
'担保',0.7518796992481203
'働く',0.7518796992481203
'選択',0.7518796992481203
'一概に',0.7518796992481203
'反論',0.7518796992481203
'同友',0.7518796992481203
'桜井',0.7518796992481203
'正光',0.7518796992481203
'排除',0.7518796992481203
'反応',0.7518796992481203
'流通',0.7518796992481203
'われわれ',0.7518796992481203
'アンバランスだ',0.7518796992481203
'自社',0.7518796992481203
'新浪',0.7518796992481203
'剛史',0.7518796992481203
'にいなみたけし',0.7518796992481203
'ローソン',0.7518796992481203
'１２・６兆',0.7518796992481203
'差し引く',0.7518796992481203
'９・５兆',0.7518796992481203
'遠い',0.7518796992481203
'安心',0.7518796992481203
'広い',0.7518796992481203
'カット',0.7518796992481203
'容易だ',0.7518796992481203
'工程',0.7518796992481203
'表',0.7518796992481203
'形骸',0.7518796992481203
'けいがい',0.7518796992481203
'国道',0.7518796992481203
'運行',0.7518796992481203
'従業',0.7518796992481203
'所在',0.7518796992481203
'発注',0.7518796992481203
'独立',0.7518796992481203
'送迎',0.7518796992481203
'職員',0.7518796992481203
'大手',0.7518796992481203
'品川',0.7518796992481203
'思えば',0.7518796992481203
'転機',0.7518796992481203
'ＷＴＯ',0.7518796992481203
'果たす',0.7518796992481203
'製品',0.7518796992481203
'あふれる',0.7518796992481203
'グローバルだ',0.7518796992481203
'勝ち',0.7518796992481203
'組',0.7518796992481203
'起爆',0.7518796992481203
'いまだに',0.7518796992481203
'固執',0.7518796992481203
'摩擦',0.7518796992481203
'独善',0.7518796992481203
'伝統',0.7518796992481203
'中華',0.7518796992481203
'ゆえ',0.7518796992481203
'兆候',0.7518796992481203
'若者',0.7518796992481203
'過剰だ',0.7518796992481203
'ナショナリズム',0.7518796992481203
'引き上げる',0.7518796992481203
'ごと',0.7518796992481203
'ずつ',0.7518796992481203
'安定',0.7518796992481203
'新卒',0.7518796992481203
'早速',0.7518796992481203
'けん制',0.7518796992481203
'はじめる',0.7518796992481203
'社保',0.7518796992481203
'２０２５万',0.7518796992481203
'台帳',0.7518796992481203
'照合',0.7518796992481203
'生死',0.7518796992481203
'突き止める',0.7518796992481203
'突き',0.7518796992481203
'合わせ',0.7518796992481203
'入力',0.7518796992481203
'探し',0.7518796992481203
'要する',0.7518796992481203
'誰',0.7518796992481203
'１１００万',0.7518796992481203
'７２万',0.7518796992481203
'１１７２万',0.7518796992481203
'１０３０万',0.7518796992481203
'ねんきん',0.7518796992481203
'便',0.7518796992481203
'吉田',0.7518796992481203
'啓志',0.7518796992481203
'行使',0.7518796992481203
'閣',0.7518796992481203
'免れる',0.7518796992481203
'与謝野',0.7518796992481203
'馨',0.7518796992481203
'すり合わせ',0.7518796992481203
'後任',0.7518796992481203
'物色',0.7518796992481203
'流れ',0.7518796992481203
'傾く',0.7518796992481203
'連結',0.7518796992481203
'４２２７億',0.7518796992481203
'達成',0.7518796992481203
'ゆうちょ',0.7518796992481203
'かんぽ',0.7518796992481203
'変える',0.7518796992481203
'手腕',0.7518796992481203
'任期',0.7518796992481203
'続投',0.7518796992481203
'伸晃',0.7518796992481203
'講演',0.7518796992481203
'勝つ',0.7518796992481203
'再び',0.7518796992481203
'下降',0.7518796992481203
'顔',0.7518796992481203
'狙う',0.7518796992481203
'前倒し',0.7518796992481203
'ささやく',0.7518796992481203
'監視',0.7518796992481203
'カメラ',0.7518796992481203
'防犯',0.7518796992481203
'設備',0.7518796992481203
'入室',0.7518796992481203
'マニュアル',0.7518796992481203
'作り',0.7518796992481203
'講じる',0.7518796992481203
'アドバイス',0.7518796992481203
'３２００',0.7518796992481203
'３分の１',0.7518796992481203
'増やす',0.7518796992481203
'ばかり',0.7518796992481203
'しまう',0.7518796992481203
'奥田',0.7518796992481203
'直之',0.7518796992481203
'界',0.7518796992481203
'大切だ',0.7518796992481203
'際する',0.7518796992481203
'移す',0.7518796992481203
'国分',0.7518796992481203
'税収',0.7518796992481203
'３・３兆',0.7518796992481203
'７０００億',0.7518796992481203
'補助',0.7518796992481203
'対立',0.7518796992481203
'充てる',0.7518796992481203
'使途',0.7518796992481203
'創設',0.7518796992481203
'西田',0.7518796992481203
'進一郎',0.7518796992481203
'和田',0.7518796992481203
'浩明',0.7518796992481203
'エジプト',0.7518796992481203
'ムバラク',0.7518796992481203
'未明',0.7518796992481203
'早朝',0.7518796992481203
'国営',0.7518796992481203
'更迭',0.7518796992481203
'恐怖',0.7518796992481203
'許容',0.7518796992481203
'公',0.7518796992481203
'記事',0.7518796992481203
'強権',0.7518796992481203
'怒り',0.7518796992481203
'襲撃',0.7518796992481203
'略奪',0.7518796992481203
'都市',0.7518796992481203
'発す',0.7518796992481203
'令',0.7518796992481203
'全土',0.7518796992481203
'ＡＦＰ',0.7518796992481203
'死者',0.7518796992481203
'負傷',0.7518796992481203
'みんな',0.7518796992481203
'し',0.7518796992481203
'潤滑',0.7518796992481203
'油',0.7518796992481203
'だから',0.7518796992481203
'なぜ',0.7518796992481203
'おやじ',0.7518796992481203
'スケープ',0.7518796992481203
'ゴート',0.7518796992481203
'何の',0.7518796992481203
'突出',0.7518796992481203
'敬称',0.7518796992481203
'略',0.7518796992481203
'毎週',0.7518796992481203
'土曜日',0.7518796992481203
'え',0.7518796992481203
'西村',0.7518796992481203
'晃一',0.7518796992481203
'題字',0.7518796992481203
'新川',0.7518796992481203
'晴風',0.7518796992481203
'１２７',0.7518796992481203
'３９・６',0.7518796992481203
'１０４',0.7518796992481203
'４０・５',0.7518796992481203
'居室',0.7518796992481203
'押し入れ',0.7518796992481203
'大半',0.7518796992481203
'一戸建て',0.7518796992481203
'ビル',0.7518796992481203
'大がかりだ',0.7518796992481203
'草',0.7518796992481203
'押収',0.7518796992481203
'６３６１',0.7518796992481203
'７３９・２',0.7518796992481203
'摘発',0.7518796992481203
'７４５１',0.7518796992481203
'１６・８',0.7518796992481203
'５３８４',0.7518796992481203
'１３・１',0.7518796992481203
'１０２',0.7518796992481203
'３４３・５',0.7518796992481203
'１２９',0.7518796992481203
'４１６',0.7518796992481203
'ＭＤＭＡ',0.7518796992481203
'合成',0.7518796992481203
'麻薬',0.7518796992481203
'１２６',0.7518796992481203
'５７・１',0.7518796992481203
'５２',0.7518796992481203
'５５・９',0.7518796992481203
'リース',0.7518796992481203
'換算',0.7518796992481203
'４万',0.7518796992481203
'余力',0.7518796992481203
'石巻',0.7518796992481203
'更に',0.7518796992481203
'下がる',0.7518796992481203
'仮設',0.7518796992481203
'ちなみに',0.7518796992481203
'宮古',0.7518796992481203
'清掃',0.7518796992481203
'工場',0.7518796992481203
'１万６０００',0.7518796992481203
'吸引',0.7518796992481203
'器具',0.7518796992481203
'ＤＮＡ',0.7518796992481203
'付着',0.7518796992481203
'物',0.7518796992481203
'検出',0.7518796992481203
'行方',0.7518796992481203
'下着',0.7518796992481203
'受払機',0.7518796992481203
'ＡＴＭ',0.7518796992481203
'引き出す',0.7518796992481203
'逃走',0.7518796992481203
'町田',0.7518796992481203
'徳',0.7518796992481203
'丈',0.7518796992481203
'手術',0.7518796992481203
'病状',0.7518796992481203
'コントロール',0.7518796992481203
'動かせる',0.7518796992481203
'幸男',0.7518796992481203
'切り',0.7518796992481203
'求心',0.7518796992481203
'大義',0.7518796992481203
'名分',0.7518796992481203
'頼み',0.7518796992481203
'普天間',0.7518796992481203
'仮に',0.7518796992481203
'実力',0.7518796992481203
'局面',0.7518796992481203
'展望',0.7518796992481203
'小売',0.7518796992481203
'１３０・６',0.7518796992481203
'失効',0.7518796992481203
'３１',0.7518796992481203
'２２・３',0.7518796992481203
'値下がり',0.7518796992481203
'租税',0.7518796992481203
'可決',0.7518796992481203
'２５・１',0.7518796992481203
'バレル',0.7518796992481203
'１２０',0.7518796992481203
'近く',0.7518796992481203
'調達',0.7518796992481203
'引き上げ',0.7518796992481203
'太田',0.7518796992481203
'昭宏',0.7518796992481203
'正副',0.7518796992481203
'ラジオ',0.7518796992481203
'粛々たる',0.7518796992481203
'今さら',0.7518796992481203
'大事だ',0.7518796992481203
'にじむ',0.7518796992481203
'瑞穂',0.7518796992481203
'社民党',0.7518796992481203
'党首',0.7518796992481203
'離脱',0.7518796992481203
'以前',0.7518796992481203
'生きる',0.7518796992481203
'肉牛',0.7518796992481203
'農林',0.7518796992481203
'水産',0.7518796992481203
'働きかける',0.7518796992481203
'果物',0.7518796992481203
'野菜',0.7518796992481203
'願い',0.7518796992481203
'畜産',0.7518796992481203
'郡山',0.7518796992481203
